project_index,group,project_root,filename,sheet_no,sheet_order,title,title_family,category,audit_role,route_target_scan,page_type_confidence_scan,valid_dwg_header,size_bytes,detected_from,in_prj,skip_reason,warnings
1,第一组_保护柜,/mnt/data/xj_dataset/110kV变压器保护柜/WBH-812E-E1SA(二侧差动+调压)+WBH-813E-E1SH+WBH-813E-E1SH+WBH-814E-E1SA,01 封面.dwg,01,1,封面,封面目录,封面/目录,skip,SkipExtractor,0.98,True,64091,prj,True,matched skip keyword: 封面,matched skip keyword: 封面
1,第一组_保护柜,/mnt/data/xj_dataset/110kV变压器保护柜/WBH-812E-E1SA(二侧差动+调压)+WBH-813E-E1SH+WBH-813E-E1SH+WBH-814E-E1SA,02 目录.dwg,02,2,目录,封面目录,封面/目录,skip,SkipExtractor,0.7,True,70947,prj,True,matched skip keyword: 封面,matched skip keyword: 封面
1,第一组_保护柜,/mnt/data/xj_dataset/110kV变压器保护柜/WBH-812E-E1SA(二侧差动+调压)+WBH-813E-E1SH+WBH-813E-E1SH+WBH-814E-E1SA,03 屏面布置图.dwg,03,3,屏面布置图,屏面布置,屏面布置图,skip,SkipExtractor,0.98,True,76556,prj,True,matched skip keyword: 屏面布置,matched skip keyword: 屏面布置
1,第一组_保护柜,/mnt/data/xj_dataset/110kV变压器保护柜/WBH-812E-E1SA(二侧差动+调压)+WBH-813E-E1SH+WBH-813E-E1SH+WBH-814E-E1SA,04 标牌及压板内容示意图.dwg,04,4,标牌及压板内容示意图,标牌压板,屏面布置图,skip,SkipExtractor,0.7,True,62756,prj,True,matched skip keyword: 屏面布置,matched skip keyword: 屏面布置
1,第一组_保护柜,/mnt/data/xj_dataset/110kV变压器保护柜/WBH-812E-E1SA(二侧差动+调压)+WBH-813E-E1SH+WBH-813E-E1SH+WBH-814E-E1SA,04 交流回路图1.dwg,04,5,交流回路图1,交流电源,二次原理图,primary,WireDiagramExtractor,0.9,True,74099,prj,True,,
1,第一组_保护柜,/mnt/data/xj_dataset/110kV变压器保护柜/WBH-812E-E1SA(二侧差动+调压)+WBH-813E-E1SH+WBH-813E-E1SH+WBH-814E-E1SA,05 交流回路图2.dwg,05,6,交流回路图2,交流电源,二次原理图,primary,WireDiagramExtractor,0.9,True,109800,prj,True,,
1,第一组_保护柜,/mnt/data/xj_dataset/110kV变压器保护柜/WBH-812E-E1SA(二侧差动+调压)+WBH-813E-E1SH+WBH-813E-E1SH+WBH-814E-E1SA,06 直流回路图.dwg,06,7,直流回路图,直流电源,二次原理图,primary,WireDiagramExtractor,0.9,True,92123,prj,True,,
1,第一组_保护柜,/mnt/data/xj_dataset/110kV变压器保护柜/WBH-812E-E1SA(二侧差动+调压)+WBH-813E-E1SH+WBH-813E-E1SH+WBH-814E-E1SA,07 网络通讯回路图.dwg,07,8,网络通讯回路图,网络通信,二次原理图,primary,WireDiagramExtractor,0.9,True,68171,prj,True,,
1,第一组_保护柜,/mnt/data/xj_dataset/110kV变压器保护柜/WBH-812E-E1SA(二侧差动+调压)+WBH-813E-E1SH+WBH-813E-E1SH+WBH-814E-E1SA,08 差动保护及信号回路.dwg,08,9,差动保护及信号回路,保护信号,二次原理图,primary,WireDiagramExtractor,0.9,True,74706,prj,True,,
1,第一组_保护柜,/mnt/data/xj_dataset/110kV变压器保护柜/WBH-812E-E1SA(二侧差动+调压)+WBH-813E-E1SH+WBH-813E-E1SH+WBH-814E-E1SA,09 高后备保护及信号回路.dwg,09,10,高后备保护及信号回路,保护信号,二次原理图,primary,WireDiagramExtractor,0.9,True,80731,prj,True,,
1,第一组_保护柜,/mnt/data/xj_dataset/110kV变压器保护柜/WBH-812E-E1SA(二侧差动+调压)+WBH-813E-E1SH+WBH-813E-E1SH+WBH-814E-E1SA,10 低后备保护及信号回路.dwg,10,11,低后备保护及信号回路,保护信号,二次原理图,primary,WireDiagramExtractor,0.9,True,88294,prj,True,,
1,第一组_保护柜,/mnt/data/xj_dataset/110kV变压器保护柜/WBH-812E-E1SA(二侧差动+调压)+WBH-813E-E1SH+WBH-813E-E1SH+WBH-814E-E1SA,11 非电量开入回路.dwg,11,12,非电量开入回路,开入,二次原理图,primary,WireDiagramExtractor,0.9,True,102108,prj,True,,
1,第一组_保护柜,/mnt/data/xj_dataset/110kV变压器保护柜/WBH-812E-E1SA(二侧差动+调压)+WBH-813E-E1SH+WBH-813E-E1SH+WBH-814E-E1SA,12 非电量信号回路.dwg,12,13,非电量信号回路,保护信号,二次原理图,primary,WireDiagramExtractor,0.9,True,105499,prj,True,,
1,第一组_保护柜,/mnt/data/xj_dataset/110kV变压器保护柜/WBH-812E-E1SA(二侧差动+调压)+WBH-813E-E1SH+WBH-813E-E1SH+WBH-814E-E1SA,13 出口回路图.dwg,13,14,出口回路图,控制操作,二次原理图,primary,WireDiagramExtractor,0.9,True,100921,prj,True,,
1,第一组_保护柜,/mnt/data/xj_dataset/110kV变压器保护柜/WBH-812E-E1SA(二侧差动+调压)+WBH-813E-E1SH+WBH-813E-E1SH+WBH-814E-E1SA,14 高操作回路图.dwg,14,15,高操作回路图,控制操作,二次原理图,primary,WireDiagramExtractor,0.9,True,98492,prj,True,,
1,第一组_保护柜,/mnt/data/xj_dataset/110kV变压器保护柜/WBH-812E-E1SA(二侧差动+调压)+WBH-813E-E1SH+WBH-813E-E1SH+WBH-814E-E1SA,15 低操作回路图.dwg,15,16,低操作回路图,控制操作,二次原理图,primary,WireDiagramExtractor,0.9,True,98010,prj,True,,
1,第一组_保护柜,/mnt/data/xj_dataset/110kV变压器保护柜/WBH-812E-E1SA(二侧差动+调压)+WBH-813E-E1SH+WBH-813E-E1SH+WBH-814E-E1SA,16 高低压侧操作箱信号回路.dwg,16,17,高低压侧操作箱信号回路,保护信号,二次原理图,primary,WireDiagramExtractor,0.9,True,100249,prj,True,,
1,第一组_保护柜,/mnt/data/xj_dataset/110kV变压器保护柜/WBH-812E-E1SA(二侧差动+调压)+WBH-813E-E1SH+WBH-813E-E1SH+WBH-814E-E1SA,17 差动保护背板图.dwg,17,18,差动保护背板图,保护信号,背板接线图,secondary,LayoutOnlyExtractor,0.98,True,122447,prj,True,,
1,第一组_保护柜,/mnt/data/xj_dataset/110kV变压器保护柜/WBH-812E-E1SA(二侧差动+调压)+WBH-813E-E1SH+WBH-813E-E1SH+WBH-814E-E1SA,18 高后备保护背板图.dwg,18,19,高后备保护背板图,保护信号,背板接线图,secondary,LayoutOnlyExtractor,0.98,True,131990,prj,True,,
1,第一组_保护柜,/mnt/data/xj_dataset/110kV变压器保护柜/WBH-812E-E1SA(二侧差动+调压)+WBH-813E-E1SH+WBH-813E-E1SH+WBH-814E-E1SA,19 低后备保护背板图.dwg,19,20,低后备保护背板图,保护信号,背板接线图,secondary,LayoutOnlyExtractor,0.98,True,133142,prj,True,,
1,第一组_保护柜,/mnt/data/xj_dataset/110kV变压器保护柜/WBH-812E-E1SA(二侧差动+调压)+WBH-813E-E1SH+WBH-813E-E1SH+WBH-814E-E1SA,20 非电量保护背板图.dwg,20,21,非电量保护背板图,保护信号,背板接线图,secondary,LayoutOnlyExtractor,0.98,True,158414,prj,True,,
1,第一组_保护柜,/mnt/data/xj_dataset/110kV变压器保护柜/WBH-812E-E1SA(二侧差动+调压)+WBH-813E-E1SH+WBH-813E-E1SH+WBH-814E-E1SA,21 元件接线图1.dwg,21,22,元件接线图1,元件接线,元件接线图,supplemental,ComponentDiagramExtractor,0.98,True,95921,prj,True,,
1,第一组_保护柜,/mnt/data/xj_dataset/110kV变压器保护柜/WBH-812E-E1SA(二侧差动+调压)+WBH-813E-E1SH+WBH-813E-E1SH+WBH-814E-E1SA,22 元件接线图2.dwg,22,23,元件接线图2,元件接线,元件接线图,supplemental,ComponentDiagramExtractor,0.98,True,89554,prj,True,,
1,第一组_保护柜,/mnt/data/xj_dataset/110kV变压器保护柜/WBH-812E-E1SA(二侧差动+调压)+WBH-813E-E1SH+WBH-813E-E1SH+WBH-814E-E1SA,23 元件接线图3.dwg,23,24,元件接线图3,元件接线,元件接线图,supplemental,ComponentDiagramExtractor,0.98,True,81424,prj,True,,
1,第一组_保护柜,/mnt/data/xj_dataset/110kV变压器保护柜/WBH-812E-E1SA(二侧差动+调压)+WBH-813E-E1SH+WBH-813E-E1SH+WBH-814E-E1SA,24 左侧端子图1.dwg,24,25,左侧端子图1,端子图,屏端子图,supplemental,TerminalDiagramExtractor,0.7,True,118449,prj,True,,
1,第一组_保护柜,/mnt/data/xj_dataset/110kV变压器保护柜/WBH-812E-E1SA(二侧差动+调压)+WBH-813E-E1SH+WBH-813E-E1SH+WBH-814E-E1SA,25 左侧端子图2.dwg,25,26,左侧端子图2,端子图,屏端子图,supplemental,TerminalDiagramExtractor,0.7,True,56390,prj,True,,
1,第一组_保护柜,/mnt/data/xj_dataset/110kV变压器保护柜/WBH-812E-E1SA(二侧差动+调压)+WBH-813E-E1SH+WBH-813E-E1SH+WBH-814E-E1SA,26 右侧端子图1.dwg,26,27,右侧端子图1,端子图,屏端子图,supplemental,TerminalDiagramExtractor,0.7,True,114793,prj,True,,
1,第一组_保护柜,/mnt/data/xj_dataset/110kV变压器保护柜/WBH-812E-E1SA(二侧差动+调压)+WBH-813E-E1SH+WBH-813E-E1SH+WBH-814E-E1SA,27 右侧端子图2.dwg,27,28,右侧端子图2,端子图,屏端子图,supplemental,TerminalDiagramExtractor,0.7,True,76965,prj,True,,
2,第三组_合同子项目,/mnt/data/xj_dataset/【出原理图】N2604HBJ20732J合同/10000 远动通信柜,01 封面.dwg,01,1,封面,封面目录,封面/目录,skip,SkipExtractor,0.98,True,52544,prj,True,matched skip keyword: 封面,matched skip keyword: 封面
2,第三组_合同子项目,/mnt/data/xj_dataset/【出原理图】N2604HBJ20732J合同/10000 远动通信柜,02 目录.dwg,02,2,目录,封面目录,封面/目录,skip,SkipExtractor,0.7,True,52642,prj,True,matched skip keyword: 封面,matched skip keyword: 封面
2,第三组_合同子项目,/mnt/data/xj_dataset/【出原理图】N2604HBJ20732J合同/10000 远动通信柜,03 屏面布置图.dwg,03,3,屏面布置图,屏面布置,屏面布置图,skip,SkipExtractor,0.98,True,75208,prj,True,matched skip keyword: 屏面布置,matched skip keyword: 屏面布置
2,第三组_合同子项目,/mnt/data/xj_dataset/【出原理图】N2604HBJ20732J合同/10000 远动通信柜,04 交直流回路图.dwg,04,4,交直流回路图,交流电源,二次原理图,primary,WireDiagramExtractor,0.9,True,102139,prj,True,,
2,第三组_合同子项目,/mnt/data/xj_dataset/【出原理图】N2604HBJ20732J合同/10000 远动通信柜,05 信号回路图.dwg,05,5,信号回路图,保护信号,二次原理图,primary,WireDiagramExtractor,0.9,True,66696,prj,True,,
2,第三组_合同子项目,/mnt/data/xj_dataset/【出原理图】N2604HBJ20732J合同/10000 远动通信柜,06 远动接口联系回路图.dwg,06,6,远动接口联系回路图,网络通信,二次原理图,primary,WireDiagramExtractor,0.9,True,79760,prj,True,,
2,第三组_合同子项目,/mnt/data/xj_dataset/【出原理图】N2604HBJ20732J合同/10000 远动通信柜,07 交换机回路图.dwg,07,7,交换机回路图,网络通信,二次原理图,primary,WireDiagramExtractor,0.9,True,73822,prj,True,,
2,第三组_合同子项目,/mnt/data/xj_dataset/【出原理图】N2604HBJ20732J合同/10000 远动通信柜,08 元件接线图1.dwg,08,8,元件接线图1,元件接线,元件接线图,supplemental,ComponentDiagramExtractor,0.98,True,72455,prj,True,,
2,第三组_合同子项目,/mnt/data/xj_dataset/【出原理图】N2604HBJ20732J合同/10000 远动通信柜,09 元件接线图2.dwg,09,9,元件接线图2,元件接线,元件接线图,supplemental,ComponentDiagramExtractor,0.98,True,75045,prj,True,,
2,第三组_合同子项目,/mnt/data/xj_dataset/【出原理图】N2604HBJ20732J合同/10000 远动通信柜,10 元件接线图3.dwg,10,10,元件接线图3,元件接线,元件接线图,supplemental,ComponentDiagramExtractor,0.98,True,69128,prj,True,,
2,第三组_合同子项目,/mnt/data/xj_dataset/【出原理图】N2604HBJ20732J合同/10000 远动通信柜,11 元件接线图4.dwg,11,11,元件接线图4,元件接线,元件接线图,supplemental,ComponentDiagramExtractor,0.98,True,63394,prj,True,,
2,第三组_合同子项目,/mnt/data/xj_dataset/【出原理图】N2604HBJ20732J合同/10000 远动通信柜,12 左侧端子图.dwg,12,12,左侧端子图,端子图,屏端子图,supplemental,TerminalDiagramExtractor,0.7,True,91575,prj,True,,
3,第三组_合同子项目,/mnt/data/xj_dataset/【出原理图】N2604HBJ20732J合同/11000 站控层网络通信柜,01 封面.dwg,01,1,封面,封面目录,封面/目录,skip,SkipExtractor,0.98,True,56842,prj,True,matched skip keyword: 封面,matched skip keyword: 封面
3,第三组_合同子项目,/mnt/data/xj_dataset/【出原理图】N2604HBJ20732J合同/11000 站控层网络通信柜,02 目录.dwg,02,2,目录,封面目录,封面/目录,skip,SkipExtractor,0.7,True,51680,prj,True,matched skip keyword: 封面,matched skip keyword: 封面
3,第三组_合同子项目,/mnt/data/xj_dataset/【出原理图】N2604HBJ20732J合同/11000 站控层网络通信柜,03 屏面布置图.dwg,03,3,屏面布置图,屏面布置,屏面布置图,skip,SkipExtractor,0.98,True,79982,prj,True,matched skip keyword: 屏面布置,matched skip keyword: 屏面布置
3,第三组_合同子项目,/mnt/data/xj_dataset/【出原理图】N2604HBJ20732J合同/11000 站控层网络通信柜,04 交直流电源回路图.dwg,04,4,交直流电源回路图,交流电源,二次原理图,primary,WireDiagramExtractor,0.9,True,103504,prj,True,,
3,第三组_合同子项目,/mnt/data/xj_dataset/【出原理图】N2604HBJ20732J合同/11000 站控层网络通信柜,05 信号回路图.dwg,05,5,信号回路图,保护信号,二次原理图,primary,WireDiagramExtractor,0.9,True,85295,prj,True,,
3,第三组_合同子项目,/mnt/data/xj_dataset/【出原理图】N2604HBJ20732J合同/11000 站控层网络通信柜,06 交换机回路图1.dwg,06,6,交换机回路图1,网络通信,二次原理图,primary,WireDiagramExtractor,0.9,True,73177,prj,True,,
3,第三组_合同子项目,/mnt/data/xj_dataset/【出原理图】N2604HBJ20732J合同/11000 站控层网络通信柜,07 交换机回路图2.dwg,07,7,交换机回路图2,网络通信,二次原理图,primary,WireDiagramExtractor,0.9,True,71895,prj,True,,
3,第三组_合同子项目,/mnt/data/xj_dataset/【出原理图】N2604HBJ20732J合同/11000 站控层网络通信柜,08 通信管理机回路图.dwg,08,8,通信管理机回路图,网络通信,二次原理图,primary,WireDiagramExtractor,0.9,True,109712,prj,True,,
3,第三组_合同子项目,/mnt/data/xj_dataset/【出原理图】N2604HBJ20732J合同/11000 站控层网络通信柜,09 交换机接线图1.dwg,09,9,交换机接线图1,网络通信,背板接线图,secondary,LayoutOnlyExtractor,0.7,True,201375,prj,True,,
3,第三组_合同子项目,/mnt/data/xj_dataset/【出原理图】N2604HBJ20732J合同/11000 站控层网络通信柜,10 交换机接线图2.dwg,10,10,交换机接线图2,网络通信,背板接线图,secondary,LayoutOnlyExtractor,0.7,True,201345,prj,True,,
3,第三组_合同子项目,/mnt/data/xj_dataset/【出原理图】N2604HBJ20732J合同/11000 站控层网络通信柜,11 通信管理机接线图.dwg,11,11,通信管理机接线图,网络通信,背板接线图,secondary,LayoutOnlyExtractor,0.7,True,221227,prj,True,,
3,第三组_合同子项目,/mnt/data/xj_dataset/【出原理图】N2604HBJ20732J合同/11000 站控层网络通信柜,12 元件接线图.dwg,12,12,元件接线图,元件接线,元件接线图,supplemental,ComponentDiagramExtractor,0.98,True,154301,prj,True,,
3,第三组_合同子项目,/mnt/data/xj_dataset/【出原理图】N2604HBJ20732J合同/11000 站控层网络通信柜,13 左侧端子图1.dwg,13,13,左侧端子图1,端子图,屏端子图,supplemental,TerminalDiagramExtractor,0.7,True,112388,prj,True,,
4,第三组_合同子项目,/mnt/data/xj_dataset/【出原理图】N2604HBJ20732J合同/12000 主变及35kV网络通信柜,01 封面.dwg,01,1,封面,封面目录,封面/目录,skip,SkipExtractor,0.98,True,56808,prj,True,matched skip keyword: 封面,matched skip keyword: 封面
4,第三组_合同子项目,/mnt/data/xj_dataset/【出原理图】N2604HBJ20732J合同/12000 主变及35kV网络通信柜,02 目录.dwg,02,2,目录,封面目录,封面/目录,skip,SkipExtractor,0.7,True,51778,prj,True,matched skip keyword: 封面,matched skip keyword: 封面
4,第三组_合同子项目,/mnt/data/xj_dataset/【出原理图】N2604HBJ20732J合同/12000 主变及35kV网络通信柜,03 屏面布置图.dwg,03,3,屏面布置图,屏面布置,屏面布置图,skip,SkipExtractor,0.98,True,76804,prj,True,matched skip keyword: 屏面布置,matched skip keyword: 屏面布置
4,第三组_合同子项目,/mnt/data/xj_dataset/【出原理图】N2604HBJ20732J合同/12000 主变及35kV网络通信柜,04 交直流电源回路图.dwg,04,4,交直流电源回路图,交流电源,二次原理图,primary,WireDiagramExtractor,0.9,True,98956,prj,True,,
4,第三组_合同子项目,/mnt/data/xj_dataset/【出原理图】N2604HBJ20732J合同/12000 主变及35kV网络通信柜,05 信号回路图.dwg,05,5,信号回路图,保护信号,二次原理图,primary,WireDiagramExtractor,0.9,True,67914,prj,True,,
4,第三组_合同子项目,/mnt/data/xj_dataset/【出原理图】N2604HBJ20732J合同/12000 主变及35kV网络通信柜,06 交换机回路图1.dwg,06,6,交换机回路图1,网络通信,二次原理图,primary,WireDiagramExtractor,0.9,True,74711,prj,True,,
4,第三组_合同子项目,/mnt/data/xj_dataset/【出原理图】N2604HBJ20732J合同/12000 主变及35kV网络通信柜,07 交换机回路图2.dwg,07,7,交换机回路图2,网络通信,二次原理图,primary,WireDiagramExtractor,0.9,True,71894,prj,True,,
4,第三组_合同子项目,/mnt/data/xj_dataset/【出原理图】N2604HBJ20732J合同/12000 主变及35kV网络通信柜,08 交换机接线图1.dwg,08,8,交换机接线图1,网络通信,背板接线图,secondary,LayoutOnlyExtractor,0.7,True,200832,prj,True,,
4,第三组_合同子项目,/mnt/data/xj_dataset/【出原理图】N2604HBJ20732J合同/12000 主变及35kV网络通信柜,09 交换机接线图2.dwg,09,9,交换机接线图2,网络通信,背板接线图,secondary,LayoutOnlyExtractor,0.7,True,200671,prj,True,,
4,第三组_合同子项目,/mnt/data/xj_dataset/【出原理图】N2604HBJ20732J合同/12000 主变及35kV网络通信柜,10 元件接线图.dwg,10,10,元件接线图,元件接线,元件接线图,supplemental,ComponentDiagramExtractor,0.98,True,153920,prj,True,,
4,第三组_合同子项目,/mnt/data/xj_dataset/【出原理图】N2604HBJ20732J合同/12000 主变及35kV网络通信柜,11 左侧端子图1.dwg,11,11,左侧端子图1,端子图,屏端子图,supplemental,TerminalDiagramExtractor,0.7,True,68008,prj,True,,
5,第三组_合同子项目,/mnt/data/xj_dataset/【出原理图】N2604HBJ20732J合同/13000 光伏区网络通信A柜,01 封面.dwg,01,1,封面,封面目录,封面/目录,skip,SkipExtractor,0.98,True,56714,prj,True,matched skip keyword: 封面,matched skip keyword: 封面
5,第三组_合同子项目,/mnt/data/xj_dataset/【出原理图】N2604HBJ20732J合同/13000 光伏区网络通信A柜,02 目录.dwg,02,2,目录,封面目录,封面/目录,skip,SkipExtractor,0.7,True,48325,prj,True,matched skip keyword: 封面,matched skip keyword: 封面
5,第三组_合同子项目,/mnt/data/xj_dataset/【出原理图】N2604HBJ20732J合同/13000 光伏区网络通信A柜,03 屏面布置图.dwg,03,3,屏面布置图,屏面布置,屏面布置图,skip,SkipExtractor,0.98,True,71466,prj,True,matched skip keyword: 屏面布置,matched skip keyword: 屏面布置
5,第三组_合同子项目,/mnt/data/xj_dataset/【出原理图】N2604HBJ20732J合同/13000 光伏区网络通信A柜,04 交流电源回路图.dwg,04,4,交流电源回路图,交流电源,二次原理图,primary,WireDiagramExtractor,0.9,True,89320,prj,True,,
5,第三组_合同子项目,/mnt/data/xj_dataset/【出原理图】N2604HBJ20732J合同/13000 光伏区网络通信A柜,05 元件接线图.dwg,05,5,元件接线图,元件接线,元件接线图,supplemental,ComponentDiagramExtractor,0.98,True,154076,prj,True,,
5,第三组_合同子项目,/mnt/data/xj_dataset/【出原理图】N2604HBJ20732J合同/13000 光伏区网络通信A柜,06 左侧端子图1.dwg,06,6,左侧端子图1,端子图,屏端子图,supplemental,TerminalDiagramExtractor,0.7,True,61443,prj,True,,
6,第三组_合同子项目,/mnt/data/xj_dataset/【出原理图】N2604HBJ20732J合同/14000 光伏区网络通信B柜,01 封面.dwg,01,1,封面,封面目录,封面/目录,skip,SkipExtractor,0.98,True,56875,prj,True,matched skip keyword: 封面,matched skip keyword: 封面
6,第三组_合同子项目,/mnt/data/xj_dataset/【出原理图】N2604HBJ20732J合同/14000 光伏区网络通信B柜,02 目录.dwg,02,2,目录,封面目录,封面/目录,skip,SkipExtractor,0.7,True,52261,prj,True,matched skip keyword: 封面,matched skip keyword: 封面
6,第三组_合同子项目,/mnt/data/xj_dataset/【出原理图】N2604HBJ20732J合同/14000 光伏区网络通信B柜,03 屏面布置图.dwg,03,3,屏面布置图,屏面布置,屏面布置图,skip,SkipExtractor,0.98,True,75465,prj,True,matched skip keyword: 屏面布置,matched skip keyword: 屏面布置
6,第三组_合同子项目,/mnt/data/xj_dataset/【出原理图】N2604HBJ20732J合同/14000 光伏区网络通信B柜,04 直流电源回路图.dwg,04,4,直流电源回路图,直流电源,二次原理图,primary,WireDiagramExtractor,0.9,True,95026,prj,True,,
6,第三组_合同子项目,/mnt/data/xj_dataset/【出原理图】N2604HBJ20732J合同/14000 光伏区网络通信B柜,05 交流电源回路图.dwg,05,5,交流电源回路图,交流电源,二次原理图,primary,WireDiagramExtractor,0.9,True,83357,prj,True,,
6,第三组_合同子项目,/mnt/data/xj_dataset/【出原理图】N2604HBJ20732J合同/14000 光伏区网络通信B柜,06 信号回路图.dwg,06,6,信号回路图,保护信号,二次原理图,primary,WireDiagramExtractor,0.9,True,68648,prj,True,,
6,第三组_合同子项目,/mnt/data/xj_dataset/【出原理图】N2604HBJ20732J合同/14000 光伏区网络通信B柜,07 交换机回路图1.dwg,07,7,交换机回路图1,网络通信,二次原理图,primary,WireDiagramExtractor,0.9,True,72381,prj,True,,
6,第三组_合同子项目,/mnt/data/xj_dataset/【出原理图】N2604HBJ20732J合同/14000 光伏区网络通信B柜,08 交换机回路图2.dwg,08,8,交换机回路图2,网络通信,二次原理图,primary,WireDiagramExtractor,0.9,True,72316,prj,True,,
6,第三组_合同子项目,/mnt/data/xj_dataset/【出原理图】N2604HBJ20732J合同/14000 光伏区网络通信B柜,09 通信管理机回路图.dwg,09,9,通信管理机回路图,网络通信,二次原理图,primary,WireDiagramExtractor,0.9,True,110321,prj,True,,
6,第三组_合同子项目,/mnt/data/xj_dataset/【出原理图】N2604HBJ20732J合同/14000 光伏区网络通信B柜,10 交换机接线图1.dwg,10,10,交换机接线图1,网络通信,背板接线图,secondary,LayoutOnlyExtractor,0.7,True,201341,prj,True,,
6,第三组_合同子项目,/mnt/data/xj_dataset/【出原理图】N2604HBJ20732J合同/14000 光伏区网络通信B柜,11 交换机接线图2.dwg,11,11,交换机接线图2,网络通信,背板接线图,secondary,LayoutOnlyExtractor,0.7,True,200061,prj,True,,
6,第三组_合同子项目,/mnt/data/xj_dataset/【出原理图】N2604HBJ20732J合同/14000 光伏区网络通信B柜,12 通信管理机接线图.dwg,12,12,通信管理机接线图,网络通信,背板接线图,secondary,LayoutOnlyExtractor,0.7,True,215591,prj,True,,
6,第三组_合同子项目,/mnt/data/xj_dataset/【出原理图】N2604HBJ20732J合同/14000 光伏区网络通信B柜,13 元件接线图.dwg,13,13,元件接线图,元件接线,元件接线图,supplemental,ComponentDiagramExtractor,0.98,True,153407,prj,True,,
6,第三组_合同子项目,/mnt/data/xj_dataset/【出原理图】N2604HBJ20732J合同/14000 光伏区网络通信B柜,14 左侧端子图1.dwg,14,14,左侧端子图1,端子图,屏端子图,supplemental,TerminalDiagramExtractor,0.7,True,104734,prj,True,,
7,第三组_合同子项目,/mnt/data/xj_dataset/【出原理图】N2604HBJ20732J合同/15000 220kV公用测控柜,01 封面.dwg,01,1,封面,封面目录,封面/目录,skip,SkipExtractor,0.98,True,49537,prj,True,matched skip keyword: 封面,matched skip keyword: 封面
7,第三组_合同子项目,/mnt/data/xj_dataset/【出原理图】N2604HBJ20732J合同/15000 220kV公用测控柜,02 目录.dwg,02,2,目录,封面目录,封面/目录,skip,SkipExtractor,0.7,True,55362,prj,True,matched skip keyword: 封面,matched skip keyword: 封面
7,第三组_合同子项目,/mnt/data/xj_dataset/【出原理图】N2604HBJ20732J合同/15000 220kV公用测控柜,03 屏面布置图.dwg,03,3,屏面布置图,屏面布置,屏面布置图,skip,SkipExtractor,0.98,True,85200,prj,True,matched skip keyword: 屏面布置,matched skip keyword: 屏面布置
7,第三组_合同子项目,/mnt/data/xj_dataset/【出原理图】N2604HBJ20732J合同/15000 220kV公用测控柜,04 交流回路图.dwg,04,4,交流回路图,交流电源,二次原理图,primary,WireDiagramExtractor,0.9,True,110568,prj,True,,
7,第三组_合同子项目,/mnt/data/xj_dataset/【出原理图】N2604HBJ20732J合同/15000 220kV公用测控柜,05 直流回路图1.dwg,05,5,直流回路图1,直流电源,二次原理图,primary,WireDiagramExtractor,0.9,True,87031,prj,True,,
7,第三组_合同子项目,/mnt/data/xj_dataset/【出原理图】N2604HBJ20732J合同/15000 220kV公用测控柜,06 网络对时回路图.dwg,06,6,网络对时回路图,网络通信,二次原理图,primary,WireDiagramExtractor,0.9,True,71336,prj,True,,
7,第三组_合同子项目,/mnt/data/xj_dataset/【出原理图】N2604HBJ20732J合同/15000 220kV公用测控柜,07 测控1开入回路图1.dwg,07,7,测控1开入回路图1,开入,二次原理图,primary,WireDiagramExtractor,0.9,True,89630,prj,True,,
7,第三组_合同子项目,/mnt/data/xj_dataset/【出原理图】N2604HBJ20732J合同/15000 220kV公用测控柜,08 测控1开入回路图2.dwg,08,8,测控1开入回路图2,开入,二次原理图,primary,WireDiagramExtractor,0.9,True,88061,prj,True,,
7,第三组_合同子项目,/mnt/data/xj_dataset/【出原理图】N2604HBJ20732J合同/15000 220kV公用测控柜,09 测控1控制回路图.dwg,09,9,测控1控制回路图,控制操作,二次原理图,primary,WireDiagramExtractor,0.9,True,91264,prj,True,,
7,第三组_合同子项目,/mnt/data/xj_dataset/【出原理图】N2604HBJ20732J合同/15000 220kV公用测控柜,10 测控2开入回路图1.dwg,10,10,测控2开入回路图1,开入,二次原理图,primary,WireDiagramExtractor,0.9,True,88831,prj,True,,
7,第三组_合同子项目,/mnt/data/xj_dataset/【出原理图】N2604HBJ20732J合同/15000 220kV公用测控柜,11 测控2开入回路图2.dwg,11,11,测控2开入回路图2,开入,二次原理图,primary,WireDiagramExtractor,0.9,True,86675,prj,True,,
7,第三组_合同子项目,/mnt/data/xj_dataset/【出原理图】N2604HBJ20732J合同/15000 220kV公用测控柜,12 测控2控制回路图.dwg,12,12,测控2控制回路图,控制操作,二次原理图,primary,WireDiagramExtractor,0.9,True,89953,prj,True,,
7,第三组_合同子项目,/mnt/data/xj_dataset/【出原理图】N2604HBJ20732J合同/15000 220kV公用测控柜,13 交换机回路图1.dwg,13,13,交换机回路图1,网络通信,二次原理图,primary,WireDiagramExtractor,0.9,True,76672,prj,True,,
7,第三组_合同子项目,/mnt/data/xj_dataset/【出原理图】N2604HBJ20732J合同/15000 220kV公用测控柜,14 测控1装置背板.dwg,14,14,测控1装置背板,背板,背板接线图,secondary,LayoutOnlyExtractor,0.98,True,154568,prj,True,,
7,第三组_合同子项目,/mnt/data/xj_dataset/【出原理图】N2604HBJ20732J合同/15000 220kV公用测控柜,15 测控2装置背板.dwg,15,15,测控2装置背板,背板,背板接线图,secondary,LayoutOnlyExtractor,0.98,True,125463,prj,True,,
7,第三组_合同子项目,/mnt/data/xj_dataset/【出原理图】N2604HBJ20732J合同/15000 220kV公用测控柜,16 交换机接线图1.dwg,16,16,交换机接线图1,网络通信,背板接线图,secondary,LayoutOnlyExtractor,0.7,True,201853,prj,True,,
7,第三组_合同子项目,/mnt/data/xj_dataset/【出原理图】N2604HBJ20732J合同/15000 220kV公用测控柜,17 元件接线图1.dwg,17,17,元件接线图1,元件接线,元件接线图,supplemental,ComponentDiagramExtractor,0.98,True,79757,prj,True,,
7,第三组_合同子项目,/mnt/data/xj_dataset/【出原理图】N2604HBJ20732J合同/15000 220kV公用测控柜,18 元件接线图2.dwg,18,18,元件接线图2,元件接线,元件接线图,supplemental,ComponentDiagramExtractor,0.98,True,61032,prj,True,,
7,第三组_合同子项目,/mnt/data/xj_dataset/【出原理图】N2604HBJ20732J合同/15000 220kV公用测控柜,19 左侧端子图1.dwg,19,19,左侧端子图1,端子图,屏端子图,supplemental,TerminalDiagramExtractor,0.7,True,116331,prj,True,,
7,第三组_合同子项目,/mnt/data/xj_dataset/【出原理图】N2604HBJ20732J合同/15000 220kV公用测控柜,20 左侧端子图2.dwg,20,20,左侧端子图2,端子图,屏端子图,supplemental,TerminalDiagramExtractor,0.7,True,65352,prj,True,,
7,第三组_合同子项目,/mnt/data/xj_dataset/【出原理图】N2604HBJ20732J合同/15000 220kV公用测控柜,21 右侧端子图1.dwg,21,21,右侧端子图1,端子图,屏端子图,supplemental,TerminalDiagramExtractor,0.7,True,113356,prj,True,,
7,第三组_合同子项目,/mnt/data/xj_dataset/【出原理图】N2604HBJ20732J合同/15000 220kV公用测控柜,22 右侧端子图2.dwg,22,22,右侧端子图2,端子图,屏端子图,supplemental,TerminalDiagramExtractor,0.7,True,65833,prj,True,,
8,第三组_合同子项目,/mnt/data/xj_dataset/【出原理图】N2604HBJ20732J合同/16000 220kV电压并列柜,01 封面.dwg,01,1,封面,封面目录,封面/目录,skip,SkipExtractor,0.98,True,50207,prj,True,matched skip keyword: 封面,matched skip keyword: 封面
8,第三组_合同子项目,/mnt/data/xj_dataset/【出原理图】N2604HBJ20732J合同/16000 220kV电压并列柜,02 目录.dwg,02,2,目录,封面目录,封面/目录,skip,SkipExtractor,0.7,True,51679,prj,True,matched skip keyword: 封面,matched skip keyword: 封面
8,第三组_合同子项目,/mnt/data/xj_dataset/【出原理图】N2604HBJ20732J合同/16000 220kV电压并列柜,03 屏面布置图.dwg,03,3,屏面布置图,屏面布置,屏面布置图,skip,SkipExtractor,0.98,True,66594,prj,True,matched skip keyword: 屏面布置,matched skip keyword: 屏面布置
8,第三组_合同子项目,/mnt/data/xj_dataset/【出原理图】N2604HBJ20732J合同/16000 220kV电压并列柜,04 交直流回路图.dwg,04,4,交直流回路图,交流电源,二次原理图,primary,WireDiagramExtractor,0.9,True,74990,prj,True,,
8,第三组_合同子项目,/mnt/data/xj_dataset/【出原理图】N2604HBJ20732J合同/16000 220kV电压并列柜,05 信号回路图.dwg,05,5,信号回路图,保护信号,二次原理图,primary,WireDiagramExtractor,0.9,True,75182,prj,True,,
8,第三组_合同子项目,/mnt/data/xj_dataset/【出原理图】N2604HBJ20732J合同/16000 220kV电压并列柜,06 开入回路图.dwg,06,6,开入回路图,开入,二次原理图,primary,WireDiagramExtractor,0.9,True,90102,prj,True,,
8,第三组_合同子项目,/mnt/data/xj_dataset/【出原理图】N2604HBJ20732J合同/16000 220kV电压并列柜,07 电压并列回路1.dwg,07,7,电压并列回路1,控制操作,二次原理图,primary,WireDiagramExtractor,0.9,True,94375,prj,True,,
8,第三组_合同子项目,/mnt/data/xj_dataset/【出原理图】N2604HBJ20732J合同/16000 220kV电压并列柜,08 电压并列回路2.dwg,08,8,电压并列回路2,控制操作,二次原理图,primary,WireDiagramExtractor,0.9,True,77047,prj,True,,
8,第三组_合同子项目,/mnt/data/xj_dataset/【出原理图】N2604HBJ20732J合同/16000 220kV电压并列柜,09 装置背板.dwg,09,9,装置背板,背板,背板接线图,secondary,LayoutOnlyExtractor,0.98,True,102564,prj,True,,
8,第三组_合同子项目,/mnt/data/xj_dataset/【出原理图】N2604HBJ20732J合同/16000 220kV电压并列柜,10 元件接线图.dwg,10,10,元件接线图,元件接线,元件接线图,supplemental,ComponentDiagramExtractor,0.98,True,63130,prj,True,,
8,第三组_合同子项目,/mnt/data/xj_dataset/【出原理图】N2604HBJ20732J合同/16000 220kV电压并列柜,11 左侧端子图.dwg,11,11,左侧端子图,端子图,屏端子图,supplemental,TerminalDiagramExtractor,0.7,True,111816,prj,True,,
8,第三组_合同子项目,/mnt/data/xj_dataset/【出原理图】N2604HBJ20732J合同/16000 220kV电压并列柜,12 右侧端子图.dwg,12,12,右侧端子图,端子图,屏端子图,supplemental,TerminalDiagramExtractor,0.7,True,112547,prj,True,,
9,第三组_合同子项目,/mnt/data/xj_dataset/【出原理图】N2604HBJ20732J合同/17000 公用测控柜,01 封面.dwg,01,1,封面,封面目录,封面/目录,skip,SkipExtractor,0.98,True,49595,prj,True,matched skip keyword: 封面,matched skip keyword: 封面
9,第三组_合同子项目,/mnt/data/xj_dataset/【出原理图】N2604HBJ20732J合同/17000 公用测控柜,02 目录.dwg,02,2,目录,封面目录,封面/目录,skip,SkipExtractor,0.7,True,53952,prj,True,matched skip keyword: 封面,matched skip keyword: 封面
9,第三组_合同子项目,/mnt/data/xj_dataset/【出原理图】N2604HBJ20732J合同/17000 公用测控柜,03 屏面布置图.dwg,03,3,屏面布置图,屏面布置,屏面布置图,skip,SkipExtractor,0.98,True,78417,prj,True,matched skip keyword: 屏面布置,matched skip keyword: 屏面布置
9,第三组_合同子项目,/mnt/data/xj_dataset/【出原理图】N2604HBJ20732J合同/17000 公用测控柜,04 交流回路图 1.dwg,04,4,交流回路图 1,交流电源,二次原理图,primary,WireDiagramExtractor,0.9,True,102140,prj,True,,
9,第三组_合同子项目,/mnt/data/xj_dataset/【出原理图】N2604HBJ20732J合同/17000 公用测控柜,05 交流回路图 2.dwg,05,5,交流回路图 2,交流电源,二次原理图,primary,WireDiagramExtractor,0.9,True,78030,prj,True,,
9,第三组_合同子项目,/mnt/data/xj_dataset/【出原理图】N2604HBJ20732J合同/17000 公用测控柜,06 直流回路图.dwg,06,6,直流回路图,直流电源,二次原理图,primary,WireDiagramExtractor,0.9,True,77894,prj,True,,
9,第三组_合同子项目,/mnt/data/xj_dataset/【出原理图】N2604HBJ20732J合同/17000 公用测控柜,07 网络对时回路图.dwg,07,7,网络对时回路图,网络通信,二次原理图,primary,WireDiagramExtractor,0.9,True,71713,prj,True,,
9,第三组_合同子项目,/mnt/data/xj_dataset/【出原理图】N2604HBJ20732J合同/17000 公用测控柜,08 测控1开入回路图1.dwg,08,8,测控1开入回路图1,开入,二次原理图,primary,WireDiagramExtractor,0.9,True,115408,prj,True,,
9,第三组_合同子项目,/mnt/data/xj_dataset/【出原理图】N2604HBJ20732J合同/17000 公用测控柜,09 测控1开入回路图2.dwg,09,9,测控1开入回路图2,开入,二次原理图,primary,WireDiagramExtractor,0.9,True,87805,prj,True,,
9,第三组_合同子项目,/mnt/data/xj_dataset/【出原理图】N2604HBJ20732J合同/17000 公用测控柜,10 测控1控制回路图.dwg,10,10,测控1控制回路图,控制操作,二次原理图,primary,WireDiagramExtractor,0.9,True,78704,prj,True,,
9,第三组_合同子项目,/mnt/data/xj_dataset/【出原理图】N2604HBJ20732J合同/17000 公用测控柜,11 测控2开入回路图1.dwg,11,11,测控2开入回路图1,开入,二次原理图,primary,WireDiagramExtractor,0.9,True,112168,prj,True,,
9,第三组_合同子项目,/mnt/data/xj_dataset/【出原理图】N2604HBJ20732J合同/17000 公用测控柜,12 测控2开入回路图2.dwg,12,12,测控2开入回路图2,开入,二次原理图,primary,WireDiagramExtractor,0.9,True,86520,prj,True,,
9,第三组_合同子项目,/mnt/data/xj_dataset/【出原理图】N2604HBJ20732J合同/17000 公用测控柜,13 测控2控制回路图.dwg,13,13,测控2控制回路图,控制操作,二次原理图,primary,WireDiagramExtractor,0.9,True,90619,prj,True,,
9,第三组_合同子项目,/mnt/data/xj_dataset/【出原理图】N2604HBJ20732J合同/17000 公用测控柜,14 测控1装置背板.dwg,14,14,测控1装置背板,背板,背板接线图,secondary,LayoutOnlyExtractor,0.98,True,127991,prj,True,,
9,第三组_合同子项目,/mnt/data/xj_dataset/【出原理图】N2604HBJ20732J合同/17000 公用测控柜,15 测控2装置背板.dwg,15,15,测控2装置背板,背板,背板接线图,secondary,LayoutOnlyExtractor,0.98,True,150307,prj,True,,
9,第三组_合同子项目,/mnt/data/xj_dataset/【出原理图】N2604HBJ20732J合同/17000 公用测控柜,16 元件接线图1.dwg,16,16,元件接线图1,元件接线,元件接线图,supplemental,ComponentDiagramExtractor,0.98,True,75759,prj,True,,
9,第三组_合同子项目,/mnt/data/xj_dataset/【出原理图】N2604HBJ20732J合同/17000 公用测控柜,17 元件接线图2.dwg,17,17,元件接线图2,元件接线,元件接线图,supplemental,ComponentDiagramExtractor,0.98,True,61321,prj,True,,
9,第三组_合同子项目,/mnt/data/xj_dataset/【出原理图】N2604HBJ20732J合同/17000 公用测控柜,18 左侧端子图1.dwg,18,18,左侧端子图1,端子图,屏端子图,supplemental,TerminalDiagramExtractor,0.7,True,114255,prj,True,,
9,第三组_合同子项目,/mnt/data/xj_dataset/【出原理图】N2604HBJ20732J合同/17000 公用测控柜,19 左侧端子图2.dwg,19,19,左侧端子图2,端子图,屏端子图,supplemental,TerminalDiagramExtractor,0.7,True,66889,prj,True,,
9,第三组_合同子项目,/mnt/data/xj_dataset/【出原理图】N2604HBJ20732J合同/17000 公用测控柜,20 右侧端子图1.dwg,20,20,右侧端子图1,端子图,屏端子图,supplemental,TerminalDiagramExtractor,0.7,True,113264,prj,True,,
9,第三组_合同子项目,/mnt/data/xj_dataset/【出原理图】N2604HBJ20732J合同/17000 公用测控柜,21 右侧端子图2.dwg,21,21,右侧端子图2,端子图,屏端子图,supplemental,TerminalDiagramExtractor,0.7,True,70275,prj,True,,
10,第三组_合同子项目,/mnt/data/xj_dataset/【出原理图】N2604HBJ20732J合同/18000 220kV线路测控柜,01 封面.dwg,01,1,封面,封面目录,封面/目录,skip,SkipExtractor,0.98,True,47579,prj,True,matched skip keyword: 封面,matched skip keyword: 封面
10,第三组_合同子项目,/mnt/data/xj_dataset/【出原理图】N2604HBJ20732J合同/18000 220kV线路测控柜,02 目录.dwg,02,2,目录,封面目录,封面/目录,skip,SkipExtractor,0.7,True,52993,prj,True,matched skip keyword: 封面,matched skip keyword: 封面
10,第三组_合同子项目,/mnt/data/xj_dataset/【出原理图】N2604HBJ20732J合同/18000 220kV线路测控柜,03 屏面布置图.dwg,03,3,屏面布置图,屏面布置,屏面布置图,skip,SkipExtractor,0.98,True,89015,prj,True,matched skip keyword: 屏面布置,matched skip keyword: 屏面布置
10,第三组_合同子项目,/mnt/data/xj_dataset/【出原理图】N2604HBJ20732J合同/18000 220kV线路测控柜,04 交流回路图.dwg,04,4,交流回路图,交流电源,二次原理图,primary,WireDiagramExtractor,0.9,True,92026,prj,True,,
10,第三组_合同子项目,/mnt/data/xj_dataset/【出原理图】N2604HBJ20732J合同/18000 220kV线路测控柜,05 直流回路图.dwg,05,5,直流回路图,直流电源,二次原理图,primary,WireDiagramExtractor,0.9,True,76815,prj,True,,
10,第三组_合同子项目,/mnt/data/xj_dataset/【出原理图】N2604HBJ20732J合同/18000 220kV线路测控柜,06 网络对时回路图.dwg,06,6,网络对时回路图,网络通信,二次原理图,primary,WireDiagramExtractor,0.9,True,68904,prj,True,,
10,第三组_合同子项目,/mnt/data/xj_dataset/【出原理图】N2604HBJ20732J合同/18000 220kV线路测控柜,07 测控1开入回路图1.dwg,07,7,测控1开入回路图1,开入,二次原理图,primary,WireDiagramExtractor,0.9,True,113835,prj,True,,
10,第三组_合同子项目,/mnt/data/xj_dataset/【出原理图】N2604HBJ20732J合同/18000 220kV线路测控柜,08 测控1开入回路图2.dwg,08,8,测控1开入回路图2,开入,二次原理图,primary,WireDiagramExtractor,0.9,True,88092,prj,True,,
10,第三组_合同子项目,/mnt/data/xj_dataset/【出原理图】N2604HBJ20732J合同/18000 220kV线路测控柜,09 测控1控制回路图.dwg,09,9,测控1控制回路图,控制操作,二次原理图,primary,WireDiagramExtractor,0.9,True,93910,prj,True,,
10,第三组_合同子项目,/mnt/data/xj_dataset/【出原理图】N2604HBJ20732J合同/18000 220kV线路测控柜,10 测控2开入回路图1.dwg,10,10,测控2开入回路图1,开入,二次原理图,primary,WireDiagramExtractor,0.9,True,117008,prj,True,,
10,第三组_合同子项目,/mnt/data/xj_dataset/【出原理图】N2604HBJ20732J合同/18000 220kV线路测控柜,11 测控2开入回路图2.dwg,11,11,测控2开入回路图2,开入,二次原理图,primary,WireDiagramExtractor,0.9,True,86681,prj,True,,
10,第三组_合同子项目,/mnt/data/xj_dataset/【出原理图】N2604HBJ20732J合同/18000 220kV线路测控柜,12 测控2控制回路图.dwg,12,12,测控2控制回路图,控制操作,二次原理图,primary,WireDiagramExtractor,0.9,True,92921,prj,True,,
10,第三组_合同子项目,/mnt/data/xj_dataset/【出原理图】N2604HBJ20732J合同/18000 220kV线路测控柜,13 测控1装置背板.dwg,13,13,测控1装置背板,背板,背板接线图,secondary,LayoutOnlyExtractor,0.98,True,150951,prj,True,,
10,第三组_合同子项目,/mnt/data/xj_dataset/【出原理图】N2604HBJ20732J合同/18000 220kV线路测控柜,14 测控2装置背板.dwg,14,14,测控2装置背板,背板,背板接线图,secondary,LayoutOnlyExtractor,0.98,True,148930,prj,True,,
10,第三组_合同子项目,/mnt/data/xj_dataset/【出原理图】N2604HBJ20732J合同/18000 220kV线路测控柜,15 元件接线图1.dwg,15,15,元件接线图1,元件接线,元件接线图,supplemental,ComponentDiagramExtractor,0.98,True,83215,prj,True,,
10,第三组_合同子项目,/mnt/data/xj_dataset/【出原理图】N2604HBJ20732J合同/18000 220kV线路测控柜,16 元件接线图2.dwg,16,16,元件接线图2,元件接线,元件接线图,supplemental,ComponentDiagramExtractor,0.98,True,61447,prj,True,,
10,第三组_合同子项目,/mnt/data/xj_dataset/【出原理图】N2604HBJ20732J合同/18000 220kV线路测控柜,17 左侧端子图1.dwg,17,17,左侧端子图1,端子图,屏端子图,supplemental,TerminalDiagramExtractor,0.7,True,114413,prj,True,,
10,第三组_合同子项目,/mnt/data/xj_dataset/【出原理图】N2604HBJ20732J合同/18000 220kV线路测控柜,18 左侧端子图2.dwg,18,18,左侧端子图2,端子图,屏端子图,supplemental,TerminalDiagramExtractor,0.7,True,64424,prj,True,,
10,第三组_合同子项目,/mnt/data/xj_dataset/【出原理图】N2604HBJ20732J合同/18000 220kV线路测控柜,19 右侧端子图1.dwg,19,19,右侧端子图1,端子图,屏端子图,supplemental,TerminalDiagramExtractor,0.7,True,108742,prj,True,,
10,第三组_合同子项目,/mnt/data/xj_dataset/【出原理图】N2604HBJ20732J合同/18000 220kV线路测控柜,20 右侧端子图2.dwg,20,20,右侧端子图2,端子图,屏端子图,supplemental,TerminalDiagramExtractor,0.7,True,73168,prj,True,,
11,第三组_合同子项目,/mnt/data/xj_dataset/【出原理图】N2604HBJ20732J合同/19000 220kV母联测控柜,01 封面.dwg,01,1,封面,封面目录,封面/目录,skip,SkipExtractor,0.98,True,48797,prj,True,matched skip keyword: 封面,matched skip keyword: 封面
11,第三组_合同子项目,/mnt/data/xj_dataset/【出原理图】N2604HBJ20732J合同/19000 220kV母联测控柜,02 目录.dwg,02,2,目录,封面目录,封面/目录,skip,SkipExtractor,0.7,True,52291,prj,True,matched skip keyword: 封面,matched skip keyword: 封面
11,第三组_合同子项目,/mnt/data/xj_dataset/【出原理图】N2604HBJ20732J合同/19000 220kV母联测控柜,03 屏面布置图.dwg,03,3,屏面布置图,屏面布置,屏面布置图,skip,SkipExtractor,0.98,True,89561,prj,True,matched skip keyword: 屏面布置,matched skip keyword: 屏面布置
11,第三组_合同子项目,/mnt/data/xj_dataset/【出原理图】N2604HBJ20732J合同/19000 220kV母联测控柜,04 交流回路图.dwg,04,4,交流回路图,交流电源,二次原理图,primary,WireDiagramExtractor,0.9,True,106502,prj,True,,
11,第三组_合同子项目,/mnt/data/xj_dataset/【出原理图】N2604HBJ20732J合同/19000 220kV母联测控柜,05 直流回路图.dwg,05,5,直流回路图,直流电源,二次原理图,primary,WireDiagramExtractor,0.9,True,77007,prj,True,,
11,第三组_合同子项目,/mnt/data/xj_dataset/【出原理图】N2604HBJ20732J合同/19000 220kV母联测控柜,06 网络对时回路图.dwg,06,6,网络对时回路图,网络通信,二次原理图,primary,WireDiagramExtractor,0.9,True,70890,prj,True,,
11,第三组_合同子项目,/mnt/data/xj_dataset/【出原理图】N2604HBJ20732J合同/19000 220kV母联测控柜,07 测控1开入回路图1.dwg,07,7,测控1开入回路图1,开入,二次原理图,primary,WireDiagramExtractor,0.9,True,115761,prj,True,,
11,第三组_合同子项目,/mnt/data/xj_dataset/【出原理图】N2604HBJ20732J合同/19000 220kV母联测控柜,08 测控1开入回路图2.dwg,08,8,测控1开入回路图2,开入,二次原理图,primary,WireDiagramExtractor,0.9,True,87262,prj,True,,
11,第三组_合同子项目,/mnt/data/xj_dataset/【出原理图】N2604HBJ20732J合同/19000 220kV母联测控柜,09 测控1控制回路图.dwg,09,9,测控1控制回路图,控制操作,二次原理图,primary,WireDiagramExtractor,0.9,True,93372,prj,True,,
11,第三组_合同子项目,/mnt/data/xj_dataset/【出原理图】N2604HBJ20732J合同/19000 220kV母联测控柜,10 测控2开入回路图1.dwg,10,10,测控2开入回路图1,开入,二次原理图,primary,WireDiagramExtractor,0.9,True,116082,prj,True,,
11,第三组_合同子项目,/mnt/data/xj_dataset/【出原理图】N2604HBJ20732J合同/19000 220kV母联测控柜,11 测控2开入回路图2.dwg,11,11,测控2开入回路图2,开入,二次原理图,primary,WireDiagramExtractor,0.9,True,87831,prj,True,,
11,第三组_合同子项目,/mnt/data/xj_dataset/【出原理图】N2604HBJ20732J合同/19000 220kV母联测控柜,12 测控2控制回路图.dwg,12,12,测控2控制回路图,控制操作,二次原理图,primary,WireDiagramExtractor,0.9,True,92217,prj,True,,
11,第三组_合同子项目,/mnt/data/xj_dataset/【出原理图】N2604HBJ20732J合同/19000 220kV母联测控柜,13 测控1装置背板.dwg,13,13,测控1装置背板,背板,背板接线图,secondary,LayoutOnlyExtractor,0.98,True,150348,prj,True,,
11,第三组_合同子项目,/mnt/data/xj_dataset/【出原理图】N2604HBJ20732J合同/19000 220kV母联测控柜,14 测控2装置背板.dwg,14,14,测控2装置背板,背板,背板接线图,secondary,LayoutOnlyExtractor,0.98,True,148683,prj,True,,
11,第三组_合同子项目,/mnt/data/xj_dataset/【出原理图】N2604HBJ20732J合同/19000 220kV母联测控柜,15 元件接线图1.dwg,15,15,元件接线图1,元件接线,元件接线图,supplemental,ComponentDiagramExtractor,0.98,True,97469,prj,True,,
11,第三组_合同子项目,/mnt/data/xj_dataset/【出原理图】N2604HBJ20732J合同/19000 220kV母联测控柜,16 元件接线图2.dwg,16,16,元件接线图2,元件接线,元件接线图,supplemental,ComponentDiagramExtractor,0.98,True,61164,prj,True,,
11,第三组_合同子项目,/mnt/data/xj_dataset/【出原理图】N2604HBJ20732J合同/19000 220kV母联测控柜,17 左侧端子图1.dwg,17,17,左侧端子图1,端子图,屏端子图,supplemental,TerminalDiagramExtractor,0.7,True,110922,prj,True,,
11,第三组_合同子项目,/mnt/data/xj_dataset/【出原理图】N2604HBJ20732J合同/19000 220kV母联测控柜,18 左侧端子图2.dwg,18,18,左侧端子图2,端子图,屏端子图,supplemental,TerminalDiagramExtractor,0.7,True,63407,prj,True,,
11,第三组_合同子项目,/mnt/data/xj_dataset/【出原理图】N2604HBJ20732J合同/19000 220kV母联测控柜,19 右侧端子图1.dwg,19,19,右侧端子图1,端子图,屏端子图,supplemental,TerminalDiagramExtractor,0.7,True,103241,prj,True,,
11,第三组_合同子项目,/mnt/data/xj_dataset/【出原理图】N2604HBJ20732J合同/19000 220kV母联测控柜,20 右侧端子图2.dwg,20,20,右侧端子图2,端子图,屏端子图,supplemental,TerminalDiagramExtractor,0.7,True,73044,prj,True,,
12,第三组_合同子项目,/mnt/data/xj_dataset/【出原理图】N2604HBJ20732J合同/20000 主变测控柜1,01 封面.dwg,01,1,封面,封面目录,封面/目录,skip,SkipExtractor,0.98,True,51424,prj,True,matched skip keyword: 封面,matched skip keyword: 封面
12,第三组_合同子项目,/mnt/data/xj_dataset/【出原理图】N2604HBJ20732J合同/20000 主变测控柜1,02 目录.dwg,02,2,目录,封面目录,封面/目录,skip,SkipExtractor,0.7,True,57792,prj,True,matched skip keyword: 封面,matched skip keyword: 封面
12,第三组_合同子项目,/mnt/data/xj_dataset/【出原理图】N2604HBJ20732J合同/20000 主变测控柜1,03 屏面布置图.dwg,03,3,屏面布置图,屏面布置,屏面布置图,skip,SkipExtractor,0.98,True,105691,prj,True,matched skip keyword: 屏面布置,matched skip keyword: 屏面布置
12,第三组_合同子项目,/mnt/data/xj_dataset/【出原理图】N2604HBJ20732J合同/20000 主变测控柜1,04 交流回路图1.dwg,04,4,交流回路图1,交流电源,二次原理图,primary,WireDiagramExtractor,0.9,True,77781,prj,True,,
12,第三组_合同子项目,/mnt/data/xj_dataset/【出原理图】N2604HBJ20732J合同/20000 主变测控柜1,05 交流回路图2.dwg,05,5,交流回路图2,交流电源,二次原理图,primary,WireDiagramExtractor,0.9,True,88696,prj,True,,
12,第三组_合同子项目,/mnt/data/xj_dataset/【出原理图】N2604HBJ20732J合同/20000 主变测控柜1,06 直流回路图1.dwg,06,6,直流回路图1,直流电源,二次原理图,primary,WireDiagramExtractor,0.9,True,86960,prj,True,,
12,第三组_合同子项目,/mnt/data/xj_dataset/【出原理图】N2604HBJ20732J合同/20000 主变测控柜1,07 直流回路图2.dwg,07,7,直流回路图2,直流电源,二次原理图,primary,WireDiagramExtractor,0.9,True,78128,prj,True,,
12,第三组_合同子项目,/mnt/data/xj_dataset/【出原理图】N2604HBJ20732J合同/20000 主变测控柜1,08 网络对时回路图.dwg,08,8,网络对时回路图,网络通信,二次原理图,primary,WireDiagramExtractor,0.9,True,75473,prj,True,,
12,第三组_合同子项目,/mnt/data/xj_dataset/【出原理图】N2604HBJ20732J合同/20000 主变测控柜1,09 高压侧开入回路图1.dwg,09,9,高压侧开入回路图1,开入,二次原理图,primary,WireDiagramExtractor,0.9,True,118157,prj,True,,
12,第三组_合同子项目,/mnt/data/xj_dataset/【出原理图】N2604HBJ20732J合同/20000 主变测控柜1,10 高压侧开入回路图2.dwg,10,10,高压侧开入回路图2,开入,二次原理图,primary,WireDiagramExtractor,0.9,True,109161,prj,True,,
12,第三组_合同子项目,/mnt/data/xj_dataset/【出原理图】N2604HBJ20732J合同/20000 主变测控柜1,11 高压侧控制回路图.dwg,11,11,高压侧控制回路图,控制操作,二次原理图,primary,WireDiagramExtractor,0.9,True,93014,prj,True,,
12,第三组_合同子项目,/mnt/data/xj_dataset/【出原理图】N2604HBJ20732J合同/20000 主变测控柜1,12 1#低压侧开入回路图.dwg,12,12,1#低压侧开入回路图,开入,二次原理图,primary,WireDiagramExtractor,0.9,True,114219,prj,True,,
12,第三组_合同子项目,/mnt/data/xj_dataset/【出原理图】N2604HBJ20732J合同/20000 主变测控柜1,13 1#低压侧控制回路图.dwg,13,13,1#低压侧控制回路图,控制操作,二次原理图,primary,WireDiagramExtractor,0.9,True,91322,prj,True,,
12,第三组_合同子项目,/mnt/data/xj_dataset/【出原理图】N2604HBJ20732J合同/20000 主变测控柜1,14 2#低压侧开入回路图.dwg,14,14,2#低压侧开入回路图,开入,二次原理图,primary,WireDiagramExtractor,0.9,True,112112,prj,True,,
12,第三组_合同子项目,/mnt/data/xj_dataset/【出原理图】N2604HBJ20732J合同/20000 主变测控柜1,15 2#低压侧控制回路图.dwg,15,15,2#低压侧控制回路图,控制操作,二次原理图,primary,WireDiagramExtractor,0.9,True,90712,prj,True,,
12,第三组_合同子项目,/mnt/data/xj_dataset/【出原理图】N2604HBJ20732J合同/20000 主变测控柜1,16 本体测控开入回路图1.dwg,16,16,本体测控开入回路图1,开入,二次原理图,primary,WireDiagramExtractor,0.9,True,114831,prj,True,,
12,第三组_合同子项目,/mnt/data/xj_dataset/【出原理图】N2604HBJ20732J合同/20000 主变测控柜1,17 本体测控开入回路图2.dwg,17,17,本体测控开入回路图2,开入,二次原理图,primary,WireDiagramExtractor,0.9,True,109447,prj,True,,
12,第三组_合同子项目,/mnt/data/xj_dataset/【出原理图】N2604HBJ20732J合同/20000 主变测控柜1,18 本体测控控制回路图.dwg,18,18,本体测控控制回路图,控制操作,二次原理图,primary,WireDiagramExtractor,0.9,True,69447,prj,True,,
12,第三组_合同子项目,/mnt/data/xj_dataset/【出原理图】N2604HBJ20732J合同/20000 主变测控柜1,19 有载调压回路图.dwg,19,19,有载调压回路图,其他/未知,二次原理图,primary,WireDiagramExtractor,0.9,True,87898,prj,True,,
12,第三组_合同子项目,/mnt/data/xj_dataset/【出原理图】N2604HBJ20732J合同/20000 主变测控柜1,20 高压侧测控装置背板.dwg,20,20,高压侧测控装置背板,背板,背板接线图,secondary,LayoutOnlyExtractor,0.98,True,121468,prj,True,,
12,第三组_合同子项目,/mnt/data/xj_dataset/【出原理图】N2604HBJ20732J合同/20000 主变测控柜1,21 1#低压侧测控装置背板.dwg,21,21,1#低压侧测控装置背板,背板,背板接线图,secondary,LayoutOnlyExtractor,0.98,True,117810,prj,True,,
12,第三组_合同子项目,/mnt/data/xj_dataset/【出原理图】N2604HBJ20732J合同/20000 主变测控柜1,22 2#低压侧测控装置背板.dwg,22,22,2#低压侧测控装置背板,背板,背板接线图,secondary,LayoutOnlyExtractor,0.98,True,118995,prj,True,,
12,第三组_合同子项目,/mnt/data/xj_dataset/【出原理图】N2604HBJ20732J合同/20000 主变测控柜1,23 非电量测控装置背板.dwg,23,23,非电量测控装置背板,保护信号,背板接线图,secondary,LayoutOnlyExtractor,0.98,True,124048,prj,True,,
12,第三组_合同子项目,/mnt/data/xj_dataset/【出原理图】N2604HBJ20732J合同/20000 主变测控柜1,24 元件接线图1.dwg,24,24,元件接线图1,元件接线,元件接线图,supplemental,ComponentDiagramExtractor,0.98,True,83922,prj,True,,
12,第三组_合同子项目,/mnt/data/xj_dataset/【出原理图】N2604HBJ20732J合同/20000 主变测控柜1,25 元件接线图2.dwg,25,25,元件接线图2,元件接线,元件接线图,supplemental,ComponentDiagramExtractor,0.98,True,86800,prj,True,,
12,第三组_合同子项目,/mnt/data/xj_dataset/【出原理图】N2604HBJ20732J合同/20000 主变测控柜1,26 元件接线图3.dwg,26,26,元件接线图3,元件接线,元件接线图,supplemental,ComponentDiagramExtractor,0.98,True,65514,prj,True,,
12,第三组_合同子项目,/mnt/data/xj_dataset/【出原理图】N2604HBJ20732J合同/20000 主变测控柜1,27 元件接线图4.dwg,27,27,元件接线图4,元件接线,元件接线图,supplemental,ComponentDiagramExtractor,0.98,True,81644,prj,True,,
12,第三组_合同子项目,/mnt/data/xj_dataset/【出原理图】N2604HBJ20732J合同/20000 主变测控柜1,28 左侧端子图1.dwg,28,28,左侧端子图1,端子图,屏端子图,supplemental,TerminalDiagramExtractor,0.7,True,118961,prj,True,,
12,第三组_合同子项目,/mnt/data/xj_dataset/【出原理图】N2604HBJ20732J合同/20000 主变测控柜1,29 左侧端子图2.dwg,29,29,左侧端子图2,端子图,屏端子图,supplemental,TerminalDiagramExtractor,0.7,True,114254,prj,True,,
12,第三组_合同子项目,/mnt/data/xj_dataset/【出原理图】N2604HBJ20732J合同/20000 主变测控柜1,30 右侧端子图1.dwg,30,30,右侧端子图1,端子图,屏端子图,supplemental,TerminalDiagramExtractor,0.7,True,119665,prj,True,,
12,第三组_合同子项目,/mnt/data/xj_dataset/【出原理图】N2604HBJ20732J合同/20000 主变测控柜1,31 右侧端子图2.dwg,31,31,右侧端子图2,端子图,屏端子图,supplemental,TerminalDiagramExtractor,0.7,True,98174,prj,True,,
13,第三组_合同子项目,/mnt/data/xj_dataset/【出原理图】N2604HBJ20732J合同/21000 同步相量测量主机柜,01 封面.dwg,01,1,封面,封面目录,封面/目录,skip,SkipExtractor,0.98,True,54433,prj,True,matched skip keyword: 封面,matched skip keyword: 封面
13,第三组_合同子项目,/mnt/data/xj_dataset/【出原理图】N2604HBJ20732J合同/21000 同步相量测量主机柜,02 目录.dwg,02,2,目录,封面目录,封面/目录,skip,SkipExtractor,0.7,True,54689,prj,True,matched skip keyword: 封面,matched skip keyword: 封面
13,第三组_合同子项目,/mnt/data/xj_dataset/【出原理图】N2604HBJ20732J合同/21000 同步相量测量主机柜,03 屏面布置图.dwg,03,3,屏面布置图,屏面布置,屏面布置图,skip,SkipExtractor,0.98,True,75886,prj,True,matched skip keyword: 屏面布置,matched skip keyword: 屏面布置
13,第三组_合同子项目,/mnt/data/xj_dataset/【出原理图】N2604HBJ20732J合同/21000 同步相量测量主机柜,04 交直流回路图1.dwg,04,4,交直流回路图1,交流电源,二次原理图,primary,WireDiagramExtractor,0.9,True,90808,prj,True,,
13,第三组_合同子项目,/mnt/data/xj_dataset/【出原理图】N2604HBJ20732J合同/21000 同步相量测量主机柜,05 交直流回路图2.dwg,05,5,交直流回路图2,交流电源,二次原理图,primary,WireDiagramExtractor,0.9,True,81360,prj,True,,
13,第三组_合同子项目,/mnt/data/xj_dataset/【出原理图】N2604HBJ20732J合同/21000 同步相量测量主机柜,06 信号回路图.dwg,06,6,信号回路图,保护信号,二次原理图,primary,WireDiagramExtractor,0.9,True,71182,prj,True,,
13,第三组_合同子项目,/mnt/data/xj_dataset/【出原理图】N2604HBJ20732J合同/21000 同步相量测量主机柜,07 对时回路图.dwg,07,7,对时回路图,网络通信,二次原理图,primary,WireDiagramExtractor,0.9,True,71363,prj,True,,
13,第三组_合同子项目,/mnt/data/xj_dataset/【出原理图】N2604HBJ20732J合同/21000 同步相量测量主机柜,08 交换机回路图1.dwg,08,8,交换机回路图1,网络通信,二次原理图,primary,WireDiagramExtractor,0.9,True,74734,prj,True,,
13,第三组_合同子项目,/mnt/data/xj_dataset/【出原理图】N2604HBJ20732J合同/21000 同步相量测量主机柜,09 交换机回路图2.dwg,09,9,交换机回路图2,网络通信,二次原理图,primary,WireDiagramExtractor,0.9,True,67143,prj,True,,
13,第三组_合同子项目,/mnt/data/xj_dataset/【出原理图】N2604HBJ20732J合同/21000 同步相量测量主机柜,10 PMU集中器背板接线图.dwg,10,10,PMU集中器背板接线图,网络通信,背板接线图,secondary,LayoutOnlyExtractor,0.98,True,74281,prj,True,,
13,第三组_合同子项目,/mnt/data/xj_dataset/【出原理图】N2604HBJ20732J合同/21000 同步相量测量主机柜,11 交换机背板图.dwg,11,11,交换机背板图,网络通信,背板接线图,secondary,LayoutOnlyExtractor,0.98,True,86192,prj,True,,
13,第三组_合同子项目,/mnt/data/xj_dataset/【出原理图】N2604HBJ20732J合同/21000 同步相量测量主机柜,12 元件接线图1.dwg,12,12,元件接线图1,元件接线,元件接线图,supplemental,ComponentDiagramExtractor,0.98,True,73929,prj,True,,
13,第三组_合同子项目,/mnt/data/xj_dataset/【出原理图】N2604HBJ20732J合同/21000 同步相量测量主机柜,13 元件接线图2.dwg,13,13,元件接线图2,元件接线,元件接线图,supplemental,ComponentDiagramExtractor,0.98,True,83047,prj,True,,
13,第三组_合同子项目,/mnt/data/xj_dataset/【出原理图】N2604HBJ20732J合同/21000 同步相量测量主机柜,14 左侧端子图.dwg,14,14,左侧端子图,端子图,屏端子图,supplemental,TerminalDiagramExtractor,0.7,True,81807,prj,True,,
14,第三组_合同子项目,/mnt/data/xj_dataset/【出原理图】N2604HBJ20732J合同/22000 1#同步相量测量柜,01 封面.dwg,01,1,封面,封面目录,封面/目录,skip,SkipExtractor,0.98,True,89719,prj,True,matched skip keyword: 封面,matched skip keyword: 封面
14,第三组_合同子项目,/mnt/data/xj_dataset/【出原理图】N2604HBJ20732J合同/22000 1#同步相量测量柜,02 目录.dwg,02,2,目录,封面目录,封面/目录,skip,SkipExtractor,0.7,True,56193,prj,True,matched skip keyword: 封面,matched skip keyword: 封面
14,第三组_合同子项目,/mnt/data/xj_dataset/【出原理图】N2604HBJ20732J合同/22000 1#同步相量测量柜,03 屏面布置图.dwg,03,3,屏面布置图,屏面布置,屏面布置图,skip,SkipExtractor,0.98,True,83056,prj,True,matched skip keyword: 屏面布置,matched skip keyword: 屏面布置
14,第三组_合同子项目,/mnt/data/xj_dataset/【出原理图】N2604HBJ20732J合同/22000 1#同步相量测量柜,04 交流回路图1.dwg,04,4,交流回路图1,交流电源,二次原理图,primary,WireDiagramExtractor,0.9,True,88383,prj,True,,
14,第三组_合同子项目,/mnt/data/xj_dataset/【出原理图】N2604HBJ20732J合同/22000 1#同步相量测量柜,05 交流回路图2.dwg,05,5,交流回路图2,交流电源,二次原理图,primary,WireDiagramExtractor,0.9,True,92571,prj,True,,
14,第三组_合同子项目,/mnt/data/xj_dataset/【出原理图】N2604HBJ20732J合同/22000 1#同步相量测量柜,06 交流回路图3.dwg,06,6,交流回路图3,交流电源,二次原理图,primary,WireDiagramExtractor,0.9,True,85983,prj,True,,
14,第三组_合同子项目,/mnt/data/xj_dataset/【出原理图】N2604HBJ20732J合同/22000 1#同步相量测量柜,07 交流回路图4.dwg,07,7,交流回路图4,交流电源,二次原理图,primary,WireDiagramExtractor,0.9,True,93760,prj,True,,
14,第三组_合同子项目,/mnt/data/xj_dataset/【出原理图】N2604HBJ20732J合同/22000 1#同步相量测量柜,08 交直流回路图.dwg,08,8,交直流回路图,交流电源,二次原理图,primary,WireDiagramExtractor,0.9,True,86168,prj,True,,
14,第三组_合同子项目,/mnt/data/xj_dataset/【出原理图】N2604HBJ20732J合同/22000 1#同步相量测量柜,09 信号直流测量回路图1.dwg,09,9,信号直流测量回路图1,其他/未知,二次原理图,primary,WireDiagramExtractor,0.9,True,87062,prj,True,,
14,第三组_合同子项目,/mnt/data/xj_dataset/【出原理图】N2604HBJ20732J合同/22000 1#同步相量测量柜,10 信号回路图.dwg,10,10,信号回路图,保护信号,二次原理图,primary,WireDiagramExtractor,0.9,True,69031,prj,True,,
14,第三组_合同子项目,/mnt/data/xj_dataset/【出原理图】N2604HBJ20732J合同/22000 1#同步相量测量柜,11 采集器开入回路1.dwg,11,11,采集器开入回路1,开入,二次原理图,primary,WireDiagramExtractor,0.9,True,83414,prj,True,,
14,第三组_合同子项目,/mnt/data/xj_dataset/【出原理图】N2604HBJ20732J合同/22000 1#同步相量测量柜,12 采集器开入回路2.dwg,12,12,采集器开入回路2,开入,二次原理图,primary,WireDiagramExtractor,0.9,True,84664,prj,True,,
14,第三组_合同子项目,/mnt/data/xj_dataset/【出原理图】N2604HBJ20732J合同/22000 1#同步相量测量柜,13 PMU采集器背板接线图1.dwg,13,13,PMU采集器背板接线图1,网络通信,背板接线图,secondary,LayoutOnlyExtractor,0.98,True,95201,prj,True,,
14,第三组_合同子项目,/mnt/data/xj_dataset/【出原理图】N2604HBJ20732J合同/22000 1#同步相量测量柜,14 PMU采集器背板接线图2.dwg,14,14,PMU采集器背板接线图2,网络通信,背板接线图,secondary,LayoutOnlyExtractor,0.98,True,95008,prj,True,,
14,第三组_合同子项目,/mnt/data/xj_dataset/【出原理图】N2604HBJ20732J合同/22000 1#同步相量测量柜,15 元件接线图.dwg,15,15,元件接线图,元件接线,元件接线图,supplemental,ComponentDiagramExtractor,0.98,True,72337,prj,True,,
14,第三组_合同子项目,/mnt/data/xj_dataset/【出原理图】N2604HBJ20732J合同/22000 1#同步相量测量柜,16 左侧端子图1.dwg,16,16,左侧端子图1,端子图,屏端子图,supplemental,TerminalDiagramExtractor,0.7,True,119117,prj,True,,
14,第三组_合同子项目,/mnt/data/xj_dataset/【出原理图】N2604HBJ20732J合同/22000 1#同步相量测量柜,17 左侧端子图2.dwg,17,17,左侧端子图2,端子图,屏端子图,supplemental,TerminalDiagramExtractor,0.7,True,78414,prj,True,,
14,第三组_合同子项目,/mnt/data/xj_dataset/【出原理图】N2604HBJ20732J合同/22000 1#同步相量测量柜,18 右侧端子图1.dwg,18,18,右侧端子图1,端子图,屏端子图,supplemental,TerminalDiagramExtractor,0.7,True,115367,prj,True,,
14,第三组_合同子项目,/mnt/data/xj_dataset/【出原理图】N2604HBJ20732J合同/22000 1#同步相量测量柜,19 右侧端子图2.dwg,19,19,右侧端子图2,端子图,屏端子图,supplemental,TerminalDiagramExtractor,0.7,True,82736,prj,True,,
15,第三组_合同子项目,/mnt/data/xj_dataset/【出原理图】N2604HBJ20732J合同/23000 主变保护A柜,01 封面.dwg,01,1,封面,封面目录,封面/目录,skip,SkipExtractor,0.98,True,47899,prj,True,matched skip keyword: 封面,matched skip keyword: 封面
15,第三组_合同子项目,/mnt/data/xj_dataset/【出原理图】N2604HBJ20732J合同/23000 主变保护A柜,02 目录.dwg,02,2,目录,封面目录,封面/目录,skip,SkipExtractor,0.7,True,56477,prj,True,matched skip keyword: 封面,matched skip keyword: 封面
15,第三组_合同子项目,/mnt/data/xj_dataset/【出原理图】N2604HBJ20732J合同/23000 主变保护A柜,03 屏面布置图.dwg,03,3,屏面布置图,屏面布置,屏面布置图,skip,SkipExtractor,0.98,True,77713,prj,True,matched skip keyword: 屏面布置,matched skip keyword: 屏面布置
15,第三组_合同子项目,/mnt/data/xj_dataset/【出原理图】N2604HBJ20732J合同/23000 主变保护A柜,04 标签框图.dwg,04,4,标签框图,其他/未知,屏面布置图,skip,SkipExtractor,0.7,True,65667,prj,True,matched skip keyword: 屏面布置,matched skip keyword: 屏面布置
15,第三组_合同子项目,/mnt/data/xj_dataset/【出原理图】N2604HBJ20732J合同/23000 主变保护A柜,05 主接线示意图.dwg,05,5,主接线示意图,其他/未知,二次原理图,primary,WireDiagramExtractor,0.75,True,326751,prj,True,,
15,第三组_合同子项目,/mnt/data/xj_dataset/【出原理图】N2604HBJ20732J合同/23000 主变保护A柜,06 交流电流回路.dwg,06,6,交流电流回路,其他/未知,二次原理图,primary,WireDiagramExtractor,0.9,True,81648,prj,True,,
15,第三组_合同子项目,/mnt/data/xj_dataset/【出原理图】N2604HBJ20732J合同/23000 主变保护A柜,07 交流电压回路.dwg,07,7,交流电压回路,其他/未知,二次原理图,primary,WireDiagramExtractor,0.9,True,72209,prj,True,,
15,第三组_合同子项目,/mnt/data/xj_dataset/【出原理图】N2604HBJ20732J合同/23000 主变保护A柜,08 交直流回路.dwg,08,8,交直流回路,交流电源,二次原理图,primary,WireDiagramExtractor,0.9,True,80752,prj,True,,
15,第三组_合同子项目,/mnt/data/xj_dataset/【出原理图】N2604HBJ20732J合同/23000 主变保护A柜,09 通讯、对时及打印回路.dwg,09,9,通讯、对时及打印回路,网络通信,二次原理图,primary,WireDiagramExtractor,0.9,True,60225,prj,True,,
15,第三组_合同子项目,/mnt/data/xj_dataset/【出原理图】N2604HBJ20732J合同/23000 主变保护A柜,10 压板及功能接点开入图1.dwg,10,10,压板及功能接点开入图1,标牌压板,二次原理图,primary,WireDiagramExtractor,0.9,True,92277,prj,True,,
15,第三组_合同子项目,/mnt/data/xj_dataset/【出原理图】N2604HBJ20732J合同/23000 主变保护A柜,11 压板及功能接点开入图2.dwg,11,11,压板及功能接点开入图2,标牌压板,二次原理图,primary,WireDiagramExtractor,0.9,True,91350,prj,True,,
15,第三组_合同子项目,/mnt/data/xj_dataset/【出原理图】N2604HBJ20732J合同/23000 主变保护A柜,12 压板及功能接点开入图3.dwg,12,12,压板及功能接点开入图3,标牌压板,二次原理图,primary,WireDiagramExtractor,0.9,True,67654,prj,True,,
15,第三组_合同子项目,/mnt/data/xj_dataset/【出原理图】N2604HBJ20732J合同/23000 主变保护A柜,13 跳闸出口回路1.dwg,13,13,跳闸出口回路1,控制操作,二次原理图,primary,WireDiagramExtractor,0.9,True,92318,prj,True,,
15,第三组_合同子项目,/mnt/data/xj_dataset/【出原理图】N2604HBJ20732J合同/23000 主变保护A柜,14 跳闸出口回路2.dwg,14,14,跳闸出口回路2,控制操作,二次原理图,primary,WireDiagramExtractor,0.9,True,90636,prj,True,,
15,第三组_合同子项目,/mnt/data/xj_dataset/【出原理图】N2604HBJ20732J合同/23000 主变保护A柜,15 信号输出回路图.dwg,15,15,信号输出回路图,其他/未知,二次原理图,primary,WireDiagramExtractor,0.9,True,67750,prj,True,,
15,第三组_合同子项目,/mnt/data/xj_dataset/【出原理图】N2604HBJ20732J合同/23000 主变保护A柜,16 非电量信号输出回路1.dwg,16,16,非电量信号输出回路1,保护信号,二次原理图,primary,WireDiagramExtractor,0.9,True,83962,prj,True,,
15,第三组_合同子项目,/mnt/data/xj_dataset/【出原理图】N2604HBJ20732J合同/23000 主变保护A柜,17 非电量信号输出回路2.dwg,17,17,非电量信号输出回路2,保护信号,二次原理图,primary,WireDiagramExtractor,0.9,True,72560,prj,True,,
15,第三组_合同子项目,/mnt/data/xj_dataset/【出原理图】N2604HBJ20732J合同/23000 主变保护A柜,18 非电量信号输出回路3.dwg,18,18,非电量信号输出回路3,保护信号,二次原理图,primary,WireDiagramExtractor,0.9,True,71696,prj,True,,
15,第三组_合同子项目,/mnt/data/xj_dataset/【出原理图】N2604HBJ20732J合同/23000 主变保护A柜,19 高压侧操作箱原理图1.dwg,19,19,高压侧操作箱原理图1,其他/未知,二次原理图,primary,WireDiagramExtractor,0.9,True,89082,prj,True,,
15,第三组_合同子项目,/mnt/data/xj_dataset/【出原理图】N2604HBJ20732J合同/23000 主变保护A柜,20 高压侧操作箱原理图2.dwg,20,20,高压侧操作箱原理图2,其他/未知,二次原理图,primary,WireDiagramExtractor,0.9,True,100055,prj,True,,
15,第三组_合同子项目,/mnt/data/xj_dataset/【出原理图】N2604HBJ20732J合同/23000 主变保护A柜,21 高压侧操作箱原理图3.dwg,21,21,高压侧操作箱原理图3,其他/未知,二次原理图,primary,WireDiagramExtractor,0.9,True,89207,prj,True,,
15,第三组_合同子项目,/mnt/data/xj_dataset/【出原理图】N2604HBJ20732J合同/23000 主变保护A柜,22 高压侧操作箱原理图4.dwg,22,22,高压侧操作箱原理图4,其他/未知,二次原理图,primary,WireDiagramExtractor,0.9,True,80462,prj,True,,
15,第三组_合同子项目,/mnt/data/xj_dataset/【出原理图】N2604HBJ20732J合同/23000 主变保护A柜,23 主保护箱背面接线图.dwg,23,23,主保护箱背面接线图,保护信号,背板接线图,secondary,LayoutOnlyExtractor,0.7,True,134944,prj,True,,
15,第三组_合同子项目,/mnt/data/xj_dataset/【出原理图】N2604HBJ20732J合同/23000 主变保护A柜,24 非电量保护箱背面接线图1.dwg,24,24,非电量保护箱背面接线图1,保护信号,背板接线图,secondary,LayoutOnlyExtractor,0.7,True,117075,prj,True,,
15,第三组_合同子项目,/mnt/data/xj_dataset/【出原理图】N2604HBJ20732J合同/23000 主变保护A柜,25 非电量保护箱背面接线图2.dwg,25,25,非电量保护箱背面接线图2,保护信号,背板接线图,secondary,LayoutOnlyExtractor,0.7,True,74414,prj,True,,
15,第三组_合同子项目,/mnt/data/xj_dataset/【出原理图】N2604HBJ20732J合同/23000 主变保护A柜,26 高压侧操作箱背面接线图.dwg,26,26,高压侧操作箱背面接线图,其他/未知,背板接线图,secondary,LayoutOnlyExtractor,0.7,True,91707,prj,True,,
15,第三组_合同子项目,/mnt/data/xj_dataset/【出原理图】N2604HBJ20732J合同/23000 主变保护A柜,27 元件接线图1.dwg,27,27,元件接线图1,元件接线,元件接线图,supplemental,ComponentDiagramExtractor,0.98,True,81678,prj,True,,
15,第三组_合同子项目,/mnt/data/xj_dataset/【出原理图】N2604HBJ20732J合同/23000 主变保护A柜,28 元件接线图2.dwg,28,28,元件接线图2,元件接线,元件接线图,supplemental,ComponentDiagramExtractor,0.98,True,59782,prj,True,,
15,第三组_合同子项目,/mnt/data/xj_dataset/【出原理图】N2604HBJ20732J合同/23000 主变保护A柜,29 元件接线图3.dwg,29,29,元件接线图3,元件接线,元件接线图,supplemental,ComponentDiagramExtractor,0.98,True,62856,prj,True,,
15,第三组_合同子项目,/mnt/data/xj_dataset/【出原理图】N2604HBJ20732J合同/23000 主变保护A柜,30 左侧端子图1.dwg,30,30,左侧端子图1,端子图,屏端子图,supplemental,TerminalDiagramExtractor,0.7,True,115334,prj,True,,
15,第三组_合同子项目,/mnt/data/xj_dataset/【出原理图】N2604HBJ20732J合同/23000 主变保护A柜,31 左侧端子图2.dwg,31,31,左侧端子图2,端子图,屏端子图,supplemental,TerminalDiagramExtractor,0.7,True,79312,prj,True,,
15,第三组_合同子项目,/mnt/data/xj_dataset/【出原理图】N2604HBJ20732J合同/23000 主变保护A柜,32 右侧端子图1.dwg,32,32,右侧端子图1,端子图,屏端子图,supplemental,TerminalDiagramExtractor,0.7,True,119177,prj,True,,
15,第三组_合同子项目,/mnt/data/xj_dataset/【出原理图】N2604HBJ20732J合同/23000 主变保护A柜,33 右侧端子图2.dwg,33,33,右侧端子图2,端子图,屏端子图,supplemental,TerminalDiagramExtractor,0.7,True,79662,prj,True,,
16,第三组_合同子项目,/mnt/data/xj_dataset/【出原理图】N2604HBJ20732J合同/24000 220kV母线保护A柜,01 封面.dwg,01,1,封面,封面目录,封面/目录,skip,SkipExtractor,0.98,True,50872,prj,True,matched skip keyword: 封面,matched skip keyword: 封面
16,第三组_合同子项目,/mnt/data/xj_dataset/【出原理图】N2604HBJ20732J合同/24000 220kV母线保护A柜,02 目录.dwg,02,2,目录,封面目录,封面/目录,skip,SkipExtractor,0.7,True,56097,prj,True,matched skip keyword: 封面,matched skip keyword: 封面
16,第三组_合同子项目,/mnt/data/xj_dataset/【出原理图】N2604HBJ20732J合同/24000 220kV母线保护A柜,03 屏面布置图.dwg,03,3,屏面布置图,屏面布置,屏面布置图,skip,SkipExtractor,0.98,True,74599,prj,True,matched skip keyword: 屏面布置,matched skip keyword: 屏面布置
16,第三组_合同子项目,/mnt/data/xj_dataset/【出原理图】N2604HBJ20732J合同/24000 220kV母线保护A柜,04 标签框图.dwg,04,4,标签框图,其他/未知,屏面布置图,skip,SkipExtractor,0.7,True,61123,prj,True,matched skip keyword: 屏面布置,matched skip keyword: 屏面布置
16,第三组_合同子项目,/mnt/data/xj_dataset/【出原理图】N2604HBJ20732J合同/24000 220kV母线保护A柜,05 主接线示意图.dwg,05,5,主接线示意图,其他/未知,二次原理图,primary,WireDiagramExtractor,0.75,True,56483,prj,True,,
16,第三组_合同子项目,/mnt/data/xj_dataset/【出原理图】N2604HBJ20732J合同/24000 220kV母线保护A柜,06 交直流回路.dwg,06,6,交直流回路,交流电源,二次原理图,primary,WireDiagramExtractor,0.9,True,69608,prj,True,,
16,第三组_合同子项目,/mnt/data/xj_dataset/【出原理图】N2604HBJ20732J合同/24000 220kV母线保护A柜,07 交流电流回路1.dwg,07,7,交流电流回路1,其他/未知,二次原理图,primary,WireDiagramExtractor,0.9,True,92095,prj,True,,
16,第三组_合同子项目,/mnt/data/xj_dataset/【出原理图】N2604HBJ20732J合同/24000 220kV母线保护A柜,08 交流电流回路2.dwg,08,8,交流电流回路2,其他/未知,二次原理图,primary,WireDiagramExtractor,0.9,True,90399,prj,True,,
16,第三组_合同子项目,/mnt/data/xj_dataset/【出原理图】N2604HBJ20732J合同/24000 220kV母线保护A柜,09 交流电压回路.dwg,09,9,交流电压回路,其他/未知,二次原理图,primary,WireDiagramExtractor,0.9,True,70214,prj,True,,
16,第三组_合同子项目,/mnt/data/xj_dataset/【出原理图】N2604HBJ20732J合同/24000 220kV母线保护A柜,10 通讯、对时及打印回路.dwg,10,10,通讯、对时及打印回路,网络通信,二次原理图,primary,WireDiagramExtractor,0.9,True,58530,prj,True,,
16,第三组_合同子项目,/mnt/data/xj_dataset/【出原理图】N2604HBJ20732J合同/24000 220kV母线保护A柜,11 压板及功能接点开入图.dwg,11,11,压板及功能接点开入图,标牌压板,二次原理图,primary,WireDiagramExtractor,0.9,True,88090,prj,True,,
16,第三组_合同子项目,/mnt/data/xj_dataset/【出原理图】N2604HBJ20732J合同/24000 220kV母线保护A柜,12 失灵启动输入接点1.dwg,12,12,失灵启动输入接点1,其他/未知,二次原理图,primary,WireDiagramExtractor,0.75,True,94272,prj,True,,
16,第三组_合同子项目,/mnt/data/xj_dataset/【出原理图】N2604HBJ20732J合同/24000 220kV母线保护A柜,13 失灵启动输入接点2.dwg,13,13,失灵启动输入接点2,其他/未知,二次原理图,primary,WireDiagramExtractor,0.75,True,68581,prj,True,,
16,第三组_合同子项目,/mnt/data/xj_dataset/【出原理图】N2604HBJ20732J合同/24000 220kV母线保护A柜,14 跳闸出口回路1.dwg,14,14,跳闸出口回路1,控制操作,二次原理图,primary,WireDiagramExtractor,0.9,True,94143,prj,True,,
16,第三组_合同子项目,/mnt/data/xj_dataset/【出原理图】N2604HBJ20732J合同/24000 220kV母线保护A柜,15 跳闸出口回路2.dwg,15,15,跳闸出口回路2,控制操作,二次原理图,primary,WireDiagramExtractor,0.9,True,78125,prj,True,,
16,第三组_合同子项目,/mnt/data/xj_dataset/【出原理图】N2604HBJ20732J合同/24000 220kV母线保护A柜,16 信号接点输出回路图.dwg,16,16,信号接点输出回路图,其他/未知,二次原理图,primary,WireDiagramExtractor,0.9,True,79375,prj,True,,
16,第三组_合同子项目,/mnt/data/xj_dataset/【出原理图】N2604HBJ20732J合同/24000 220kV母线保护A柜,17 主保护箱背面接线图1.dwg,17,17,主保护箱背面接线图1,保护信号,背板接线图,secondary,LayoutOnlyExtractor,0.7,True,143004,prj,True,,
16,第三组_合同子项目,/mnt/data/xj_dataset/【出原理图】N2604HBJ20732J合同/24000 220kV母线保护A柜,18 主保护箱背面接线图2.dwg,18,18,主保护箱背面接线图2,保护信号,背板接线图,secondary,LayoutOnlyExtractor,0.7,True,141418,prj,True,,
16,第三组_合同子项目,/mnt/data/xj_dataset/【出原理图】N2604HBJ20732J合同/24000 220kV母线保护A柜,19 元件接线图1.dwg,19,19,元件接线图1,元件接线,元件接线图,supplemental,ComponentDiagramExtractor,0.98,True,73828,prj,True,,
16,第三组_合同子项目,/mnt/data/xj_dataset/【出原理图】N2604HBJ20732J合同/24000 220kV母线保护A柜,20 元件接线图2.dwg,20,20,元件接线图2,元件接线,元件接线图,supplemental,ComponentDiagramExtractor,0.98,True,63587,prj,True,,
16,第三组_合同子项目,/mnt/data/xj_dataset/【出原理图】N2604HBJ20732J合同/24000 220kV母线保护A柜,21 左侧端子图1.dwg,21,21,左侧端子图1,端子图,屏端子图,supplemental,TerminalDiagramExtractor,0.7,True,101313,prj,True,,
16,第三组_合同子项目,/mnt/data/xj_dataset/【出原理图】N2604HBJ20732J合同/24000 220kV母线保护A柜,22 左侧端子图2.dwg,22,22,左侧端子图2,端子图,屏端子图,supplemental,TerminalDiagramExtractor,0.7,True,71857,prj,True,,
16,第三组_合同子项目,/mnt/data/xj_dataset/【出原理图】N2604HBJ20732J合同/24000 220kV母线保护A柜,23 右侧端子图1.dwg,23,23,右侧端子图1,端子图,屏端子图,supplemental,TerminalDiagramExtractor,0.7,True,119471,prj,True,,
16,第三组_合同子项目,/mnt/data/xj_dataset/【出原理图】N2604HBJ20732J合同/24000 220kV母线保护A柜,24 右侧端子图2.dwg,24,24,右侧端子图2,端子图,屏端子图,supplemental,TerminalDiagramExtractor,0.7,True,68265,prj,True,,
17,第三组_合同子项目,"/mnt/data/xj_dataset/【出原理图】N2604HBJ20732J合同/25000,03600 35kV母线保护AB柜",01 封面.dwg,01,1,封面,封面目录,封面/目录,skip,SkipExtractor,0.98,True,50456,prj,True,matched skip keyword: 封面,matched skip keyword: 封面
17,第三组_合同子项目,"/mnt/data/xj_dataset/【出原理图】N2604HBJ20732J合同/25000,03600 35kV母线保护AB柜",02 目录.dwg,02,2,目录,封面目录,封面/目录,skip,SkipExtractor,0.7,True,54528,prj,True,matched skip keyword: 封面,matched skip keyword: 封面
17,第三组_合同子项目,"/mnt/data/xj_dataset/【出原理图】N2604HBJ20732J合同/25000,03600 35kV母线保护AB柜",03 屏面布置图.dwg,03,3,屏面布置图,屏面布置,屏面布置图,skip,SkipExtractor,0.98,True,76616,prj,True,matched skip keyword: 屏面布置,matched skip keyword: 屏面布置
17,第三组_合同子项目,"/mnt/data/xj_dataset/【出原理图】N2604HBJ20732J合同/25000,03600 35kV母线保护AB柜",04 标签框图.dwg,04,4,标签框图,其他/未知,屏面布置图,skip,SkipExtractor,0.7,True,59490,prj,True,matched skip keyword: 屏面布置,matched skip keyword: 屏面布置
17,第三组_合同子项目,"/mnt/data/xj_dataset/【出原理图】N2604HBJ20732J合同/25000,03600 35kV母线保护AB柜",05 主接线示意图.dwg,05,5,主接线示意图,其他/未知,二次原理图,primary,WireDiagramExtractor,0.75,True,56900,prj,True,,
17,第三组_合同子项目,"/mnt/data/xj_dataset/【出原理图】N2604HBJ20732J合同/25000,03600 35kV母线保护AB柜",06 交直流回路.dwg,06,6,交直流回路,交流电源,二次原理图,primary,WireDiagramExtractor,0.9,True,65865,prj,True,,
17,第三组_合同子项目,"/mnt/data/xj_dataset/【出原理图】N2604HBJ20732J合同/25000,03600 35kV母线保护AB柜",07 交流电流回路1.dwg,07,7,交流电流回路1,其他/未知,二次原理图,primary,WireDiagramExtractor,0.9,True,97444,prj,True,,
17,第三组_合同子项目,"/mnt/data/xj_dataset/【出原理图】N2604HBJ20732J合同/25000,03600 35kV母线保护AB柜",08 交流电流回路2.dwg,08,8,交流电流回路2,其他/未知,二次原理图,primary,WireDiagramExtractor,0.9,True,103369,prj,True,,
17,第三组_合同子项目,"/mnt/data/xj_dataset/【出原理图】N2604HBJ20732J合同/25000,03600 35kV母线保护AB柜",09 交流电压回路.dwg,09,9,交流电压回路,其他/未知,二次原理图,primary,WireDiagramExtractor,0.9,True,65511,prj,True,,
17,第三组_合同子项目,"/mnt/data/xj_dataset/【出原理图】N2604HBJ20732J合同/25000,03600 35kV母线保护AB柜",10 通讯、对时及打印回路.dwg,10,10,通讯、对时及打印回路,网络通信,二次原理图,primary,WireDiagramExtractor,0.9,True,57314,prj,True,,
17,第三组_合同子项目,"/mnt/data/xj_dataset/【出原理图】N2604HBJ20732J合同/25000,03600 35kV母线保护AB柜",11 压板及功能接点开入图.dwg,11,11,压板及功能接点开入图,标牌压板,二次原理图,primary,WireDiagramExtractor,0.9,True,93974,prj,True,,
17,第三组_合同子项目,"/mnt/data/xj_dataset/【出原理图】N2604HBJ20732J合同/25000,03600 35kV母线保护AB柜",12 跳闸出口回路1.dwg,12,12,跳闸出口回路1,控制操作,二次原理图,primary,WireDiagramExtractor,0.9,True,101064,prj,True,,
17,第三组_合同子项目,"/mnt/data/xj_dataset/【出原理图】N2604HBJ20732J合同/25000,03600 35kV母线保护AB柜",13 跳闸出口回路2.dwg,13,13,跳闸出口回路2,控制操作,二次原理图,primary,WireDiagramExtractor,0.9,True,70444,prj,True,,
17,第三组_合同子项目,"/mnt/data/xj_dataset/【出原理图】N2604HBJ20732J合同/25000,03600 35kV母线保护AB柜",14 信号接点输出回路图.dwg,14,14,信号接点输出回路图,其他/未知,二次原理图,primary,WireDiagramExtractor,0.9,True,77453,prj,True,,
17,第三组_合同子项目,"/mnt/data/xj_dataset/【出原理图】N2604HBJ20732J合同/25000,03600 35kV母线保护AB柜",15 主保护箱背面接线图1.dwg,15,15,主保护箱背面接线图1,保护信号,背板接线图,secondary,LayoutOnlyExtractor,0.7,True,140319,prj,True,,
17,第三组_合同子项目,"/mnt/data/xj_dataset/【出原理图】N2604HBJ20732J合同/25000,03600 35kV母线保护AB柜",16 主保护箱背面接线图2.dwg,16,16,主保护箱背面接线图2,保护信号,背板接线图,secondary,LayoutOnlyExtractor,0.7,True,145573,prj,True,,
17,第三组_合同子项目,"/mnt/data/xj_dataset/【出原理图】N2604HBJ20732J合同/25000,03600 35kV母线保护AB柜",17 元件接线图1.dwg,17,17,元件接线图1,元件接线,元件接线图,supplemental,ComponentDiagramExtractor,0.98,True,73063,prj,True,,
17,第三组_合同子项目,"/mnt/data/xj_dataset/【出原理图】N2604HBJ20732J合同/25000,03600 35kV母线保护AB柜",18 元件接线图2.dwg,18,18,元件接线图2,元件接线,元件接线图,supplemental,ComponentDiagramExtractor,0.98,True,65862,prj,True,,
17,第三组_合同子项目,"/mnt/data/xj_dataset/【出原理图】N2604HBJ20732J合同/25000,03600 35kV母线保护AB柜",19 左侧端子图1.dwg,19,19,左侧端子图1,端子图,屏端子图,supplemental,TerminalDiagramExtractor,0.7,True,93442,prj,True,,
17,第三组_合同子项目,"/mnt/data/xj_dataset/【出原理图】N2604HBJ20732J合同/25000,03600 35kV母线保护AB柜",20 左侧端子图2.dwg,20,20,左侧端子图2,端子图,屏端子图,supplemental,TerminalDiagramExtractor,0.7,True,74121,prj,True,,
17,第三组_合同子项目,"/mnt/data/xj_dataset/【出原理图】N2604HBJ20732J合同/25000,03600 35kV母线保护AB柜",21 右侧端子图1.dwg,21,21,右侧端子图1,端子图,屏端子图,supplemental,TerminalDiagramExtractor,0.7,True,200329,prj,True,,
17,第三组_合同子项目,"/mnt/data/xj_dataset/【出原理图】N2604HBJ20732J合同/25000,03600 35kV母线保护AB柜",22 右侧端子图2.dwg,22,22,右侧端子图2,端子图,屏端子图,supplemental,TerminalDiagramExtractor,0.7,True,69539,prj,True,,
18,第三组_合同子项目,/mnt/data/xj_dataset/【出原理图】N2604HBJ20732J合同/26000 220kV母联保护柜,01 封面.dwg,01,1,封面,封面目录,封面/目录,skip,SkipExtractor,0.98,True,53984,prj,True,matched skip keyword: 封面,matched skip keyword: 封面
18,第三组_合同子项目,/mnt/data/xj_dataset/【出原理图】N2604HBJ20732J合同/26000 220kV母联保护柜,02 目录.dwg,02,2,目录,封面目录,封面/目录,skip,SkipExtractor,0.7,True,54145,prj,True,matched skip keyword: 封面,matched skip keyword: 封面
18,第三组_合同子项目,/mnt/data/xj_dataset/【出原理图】N2604HBJ20732J合同/26000 220kV母联保护柜,03 屏面布置图.dwg,03,3,屏面布置图,屏面布置,屏面布置图,skip,SkipExtractor,0.98,True,76007,prj,True,matched skip keyword: 屏面布置,matched skip keyword: 屏面布置
18,第三组_合同子项目,/mnt/data/xj_dataset/【出原理图】N2604HBJ20732J合同/26000 220kV母联保护柜,04 交流回路图.dwg,04,4,交流回路图,交流电源,二次原理图,primary,WireDiagramExtractor,0.9,True,75181,prj,True,,
18,第三组_合同子项目,/mnt/data/xj_dataset/【出原理图】N2604HBJ20732J合同/26000 220kV母联保护柜,05 交直流回路图.dwg,05,5,交直流回路图,交流电源,二次原理图,primary,WireDiagramExtractor,0.9,True,74055,prj,True,,
18,第三组_合同子项目,/mnt/data/xj_dataset/【出原理图】N2604HBJ20732J合同/26000 220kV母联保护柜,06 网络通讯及对时回路.dwg,06,6,网络通讯及对时回路,网络通信,二次原理图,primary,WireDiagramExtractor,0.9,True,58495,prj,True,,
18,第三组_合同子项目,/mnt/data/xj_dataset/【出原理图】N2604HBJ20732J合同/26000 220kV母联保护柜,07 压板及功能接点开入图.dwg,07,7,压板及功能接点开入图,标牌压板,二次原理图,primary,WireDiagramExtractor,0.9,True,72688,prj,True,,
18,第三组_合同子项目,/mnt/data/xj_dataset/【出原理图】N2604HBJ20732J合同/26000 220kV母联保护柜,08 跳闸出口回路图.dwg,08,8,跳闸出口回路图,控制操作,二次原理图,primary,WireDiagramExtractor,0.9,True,83162,prj,True,,
18,第三组_合同子项目,/mnt/data/xj_dataset/【出原理图】N2604HBJ20732J合同/26000 220kV母联保护柜,09 操作箱原理图1.dwg,09,9,操作箱原理图1,其他/未知,二次原理图,primary,WireDiagramExtractor,0.9,True,97438,prj,True,,
18,第三组_合同子项目,/mnt/data/xj_dataset/【出原理图】N2604HBJ20732J合同/26000 220kV母联保护柜,10 操作箱原理图2.dwg,10,10,操作箱原理图2,其他/未知,二次原理图,primary,WireDiagramExtractor,0.9,True,130058,prj,True,,
18,第三组_合同子项目,/mnt/data/xj_dataset/【出原理图】N2604HBJ20732J合同/26000 220kV母联保护柜,11 操作箱原理图3.dwg,11,11,操作箱原理图3,其他/未知,二次原理图,primary,WireDiagramExtractor,0.9,True,129016,prj,True,,
18,第三组_合同子项目,/mnt/data/xj_dataset/【出原理图】N2604HBJ20732J合同/26000 220kV母联保护柜,12 操作箱原理图4.dwg,12,12,操作箱原理图4,其他/未知,二次原理图,primary,WireDiagramExtractor,0.9,True,107743,prj,True,,
18,第三组_合同子项目,/mnt/data/xj_dataset/【出原理图】N2604HBJ20732J合同/26000 220kV母联保护柜,13 母联保护背板接线图.dwg,13,13,母联保护背板接线图,保护信号,背板接线图,secondary,LayoutOnlyExtractor,0.98,True,108040,prj,True,,
18,第三组_合同子项目,/mnt/data/xj_dataset/【出原理图】N2604HBJ20732J合同/26000 220kV母联保护柜,14 操作箱背板接线图.dwg,14,14,操作箱背板接线图,背板,背板接线图,secondary,LayoutOnlyExtractor,0.98,True,134937,prj,True,,
18,第三组_合同子项目,/mnt/data/xj_dataset/【出原理图】N2604HBJ20732J合同/26000 220kV母联保护柜,15 元件接线图1.dwg,15,15,元件接线图1,元件接线,元件接线图,supplemental,ComponentDiagramExtractor,0.98,True,74149,prj,True,,
18,第三组_合同子项目,/mnt/data/xj_dataset/【出原理图】N2604HBJ20732J合同/26000 220kV母联保护柜,16 元件接线图2.dwg,16,16,元件接线图2,元件接线,元件接线图,supplemental,ComponentDiagramExtractor,0.98,True,58081,prj,True,,
18,第三组_合同子项目,/mnt/data/xj_dataset/【出原理图】N2604HBJ20732J合同/26000 220kV母联保护柜,17 左侧端子表1.dwg,17,17,左侧端子表1,其他/未知,屏端子图,supplemental,TerminalDiagramExtractor,0.7,True,102464,prj,True,,
18,第三组_合同子项目,/mnt/data/xj_dataset/【出原理图】N2604HBJ20732J合同/26000 220kV母联保护柜,18 右侧端子表1.dwg,18,18,右侧端子表1,其他/未知,屏端子图,supplemental,TerminalDiagramExtractor,0.7,True,80079,prj,True,,
19,第三组_合同子项目,/mnt/data/xj_dataset/【出原理图】N2604HBJ20732J合同/27000 防孤岛柜,01 封面.dwg,01,1,封面,封面目录,封面/目录,skip,SkipExtractor,0.98,True,63380,prj,True,matched skip keyword: 封面,matched skip keyword: 封面
19,第三组_合同子项目,/mnt/data/xj_dataset/【出原理图】N2604HBJ20732J合同/27000 防孤岛柜,02 目录.dwg,02,2,目录,封面目录,封面/目录,skip,SkipExtractor,0.7,True,62615,prj,True,matched skip keyword: 封面,matched skip keyword: 封面
19,第三组_合同子项目,/mnt/data/xj_dataset/【出原理图】N2604HBJ20732J合同/27000 防孤岛柜,03 屏面布置图.dwg,03,3,屏面布置图,屏面布置,屏面布置图,skip,SkipExtractor,0.98,True,97055,prj,True,matched skip keyword: 屏面布置,matched skip keyword: 屏面布置
19,第三组_合同子项目,/mnt/data/xj_dataset/【出原理图】N2604HBJ20732J合同/27000 防孤岛柜,04 交流回路图.dwg,04,4,交流回路图,交流电源,二次原理图,primary,WireDiagramExtractor,0.9,True,92151,prj,True,,
19,第三组_合同子项目,/mnt/data/xj_dataset/【出原理图】N2604HBJ20732J合同/27000 防孤岛柜,05 直流回路图.dwg,05,5,直流回路图,直流电源,二次原理图,primary,WireDiagramExtractor,0.9,True,81741,prj,True,,
19,第三组_合同子项目,/mnt/data/xj_dataset/【出原理图】N2604HBJ20732J合同/27000 防孤岛柜,06 网络回路图.dwg,06,6,网络回路图,网络通信,二次原理图,primary,WireDiagramExtractor,0.9,True,81849,prj,True,,
19,第三组_合同子项目,/mnt/data/xj_dataset/【出原理图】N2604HBJ20732J合同/27000 防孤岛柜,07 防孤岛回路图.dwg,07,7,防孤岛回路图,其他/未知,二次原理图,primary,WireDiagramExtractor,0.9,True,110613,prj,True,,
19,第三组_合同子项目,/mnt/data/xj_dataset/【出原理图】N2604HBJ20732J合同/27000 防孤岛柜,08 防孤岛保护背板1.dwg,08,8,防孤岛保护背板1,保护信号,背板接线图,secondary,LayoutOnlyExtractor,0.98,True,81551,prj,True,,
19,第三组_合同子项目,/mnt/data/xj_dataset/【出原理图】N2604HBJ20732J合同/27000 防孤岛柜,09 防孤岛保护背板2.dwg,09,9,防孤岛保护背板2,保护信号,背板接线图,secondary,LayoutOnlyExtractor,0.98,True,80432,prj,True,,
19,第三组_合同子项目,/mnt/data/xj_dataset/【出原理图】N2604HBJ20732J合同/27000 防孤岛柜,10 元件接线图1.dwg,10,10,元件接线图1,元件接线,元件接线图,supplemental,ComponentDiagramExtractor,0.98,True,84591,prj,True,,
19,第三组_合同子项目,/mnt/data/xj_dataset/【出原理图】N2604HBJ20732J合同/27000 防孤岛柜,11 元件接线图2.dwg,11,11,元件接线图2,元件接线,元件接线图,supplemental,ComponentDiagramExtractor,0.98,True,63620,prj,True,,
19,第三组_合同子项目,/mnt/data/xj_dataset/【出原理图】N2604HBJ20732J合同/27000 防孤岛柜,12 左侧端子图.dwg,12,12,左侧端子图,端子图,屏端子图,supplemental,TerminalDiagramExtractor,0.7,True,84797,prj,True,,
19,第三组_合同子项目,/mnt/data/xj_dataset/【出原理图】N2604HBJ20732J合同/27000 防孤岛柜,13 右侧端子图.dwg,13,13,右侧端子图,端子图,屏端子图,supplemental,TerminalDiagramExtractor,0.7,True,88135,prj,True,,
20,第三组_合同子项目,/mnt/data/xj_dataset/【出原理图】N2604HBJ20732J合同/28000 电能质量在线监测柜,01 封面.dwg,01,1,封面,封面目录,封面/目录,skip,SkipExtractor,0.98,True,57662,prj,True,matched skip keyword: 封面,matched skip keyword: 封面
20,第三组_合同子项目,/mnt/data/xj_dataset/【出原理图】N2604HBJ20732J合同/28000 电能质量在线监测柜,02 目录.dwg,02,2,目录,封面目录,封面/目录,skip,SkipExtractor,0.7,True,59367,prj,True,matched skip keyword: 封面,matched skip keyword: 封面
20,第三组_合同子项目,/mnt/data/xj_dataset/【出原理图】N2604HBJ20732J合同/28000 电能质量在线监测柜,03 屏面布置图.dwg,03,3,屏面布置图,屏面布置,屏面布置图,skip,SkipExtractor,0.98,True,94038,prj,True,matched skip keyword: 屏面布置,matched skip keyword: 屏面布置
20,第三组_合同子项目,/mnt/data/xj_dataset/【出原理图】N2604HBJ20732J合同/28000 电能质量在线监测柜,04 交流回路图1.dwg,04,4,交流回路图1,交流电源,二次原理图,primary,WireDiagramExtractor,0.9,True,92216,prj,True,,
20,第三组_合同子项目,/mnt/data/xj_dataset/【出原理图】N2604HBJ20732J合同/28000 电能质量在线监测柜,05 交流回路图2.dwg,05,5,交流回路图2,交流电源,二次原理图,primary,WireDiagramExtractor,0.9,True,121784,prj,True,,
20,第三组_合同子项目,/mnt/data/xj_dataset/【出原理图】N2604HBJ20732J合同/28000 电能质量在线监测柜,06 直流回路图.dwg,06,6,直流回路图,直流电源,二次原理图,primary,WireDiagramExtractor,0.9,True,84368,prj,True,,
20,第三组_合同子项目,/mnt/data/xj_dataset/【出原理图】N2604HBJ20732J合同/28000 电能质量在线监测柜,07 网络回路图.dwg,07,7,网络回路图,网络通信,二次原理图,primary,WireDiagramExtractor,0.9,True,71366,prj,True,,
20,第三组_合同子项目,/mnt/data/xj_dataset/【出原理图】N2604HBJ20732J合同/28000 电能质量在线监测柜,08 测控1开入回路图1.dwg,08,8,测控1开入回路图1,开入,二次原理图,primary,WireDiagramExtractor,0.9,True,114573,prj,True,,
20,第三组_合同子项目,/mnt/data/xj_dataset/【出原理图】N2604HBJ20732J合同/28000 电能质量在线监测柜,09 测控1开入回路图2.dwg,09,9,测控1开入回路图2,开入,二次原理图,primary,WireDiagramExtractor,0.9,True,86425,prj,True,,
20,第三组_合同子项目,/mnt/data/xj_dataset/【出原理图】N2604HBJ20732J合同/28000 电能质量在线监测柜,10 测控1控制回路图.dwg,10,10,测控1控制回路图,控制操作,二次原理图,primary,WireDiagramExtractor,0.9,True,78736,prj,True,,
20,第三组_合同子项目,/mnt/data/xj_dataset/【出原理图】N2604HBJ20732J合同/28000 电能质量在线监测柜,11 交换机回路图.dwg,11,11,交换机回路图,网络通信,二次原理图,primary,WireDiagramExtractor,0.9,True,70163,prj,True,,
20,第三组_合同子项目,/mnt/data/xj_dataset/【出原理图】N2604HBJ20732J合同/28000 电能质量在线监测柜,12 电能质量监测装置背板.dwg,12,12,电能质量监测装置背板,背板,背板接线图,secondary,LayoutOnlyExtractor,0.98,True,82490,prj,True,,
20,第三组_合同子项目,/mnt/data/xj_dataset/【出原理图】N2604HBJ20732J合同/28000 电能质量在线监测柜,13 测控1装置背板.dwg,13,13,测控1装置背板,背板,背板接线图,secondary,LayoutOnlyExtractor,0.98,True,126262,prj,True,,
20,第三组_合同子项目,/mnt/data/xj_dataset/【出原理图】N2604HBJ20732J合同/28000 电能质量在线监测柜,14 元件接线图1.dwg,14,14,元件接线图1,元件接线,元件接线图,supplemental,ComponentDiagramExtractor,0.98,True,86296,prj,True,,
20,第三组_合同子项目,/mnt/data/xj_dataset/【出原理图】N2604HBJ20732J合同/28000 电能质量在线监测柜,15 元件接线图2.dwg,15,15,元件接线图2,元件接线,元件接线图,supplemental,ComponentDiagramExtractor,0.98,True,97783,prj,True,,
20,第三组_合同子项目,/mnt/data/xj_dataset/【出原理图】N2604HBJ20732J合同/28000 电能质量在线监测柜,16 左侧端子图.dwg,16,16,左侧端子图,端子图,屏端子图,supplemental,TerminalDiagramExtractor,0.7,True,99095,prj,True,,
20,第三组_合同子项目,/mnt/data/xj_dataset/【出原理图】N2604HBJ20732J合同/28000 电能质量在线监测柜,17 右侧端子图1.dwg,17,17,右侧端子图1,端子图,屏端子图,supplemental,TerminalDiagramExtractor,0.7,True,112782,prj,True,,
20,第三组_合同子项目,/mnt/data/xj_dataset/【出原理图】N2604HBJ20732J合同/28000 电能质量在线监测柜,18 右侧端子图2.dwg,18,18,右侧端子图2,端子图,屏端子图,supplemental,TerminalDiagramExtractor,0.7,True,59874,prj,True,,
21,第三组_合同子项目,/mnt/data/xj_dataset/【出原理图】N2604HBJ20732J合同/29000 电度表柜,01 封面.dwg,01,1,封面,封面目录,封面/目录,skip,SkipExtractor,0.98,True,56815,prj,True,matched skip keyword: 封面,matched skip keyword: 封面
21,第三组_合同子项目,/mnt/data/xj_dataset/【出原理图】N2604HBJ20732J合同/29000 电度表柜,02 目录.dwg,02,2,目录,封面目录,封面/目录,skip,SkipExtractor,0.7,True,53026,prj,True,matched skip keyword: 封面,matched skip keyword: 封面
21,第三组_合同子项目,/mnt/data/xj_dataset/【出原理图】N2604HBJ20732J合同/29000 电度表柜,03 屏面布置图.dwg,03,3,屏面布置图,屏面布置,屏面布置图,skip,SkipExtractor,0.98,True,70470,prj,True,matched skip keyword: 屏面布置,matched skip keyword: 屏面布置
21,第三组_合同子项目,/mnt/data/xj_dataset/【出原理图】N2604HBJ20732J合同/29000 电度表柜,04 交流回路图1.dwg,04,4,交流回路图1,交流电源,二次原理图,primary,WireDiagramExtractor,0.9,True,80888,prj,True,,
21,第三组_合同子项目,/mnt/data/xj_dataset/【出原理图】N2604HBJ20732J合同/29000 电度表柜,05 交流回路图2.dwg,05,5,交流回路图2,交流电源,二次原理图,primary,WireDiagramExtractor,0.9,True,82776,prj,True,,
21,第三组_合同子项目,/mnt/data/xj_dataset/【出原理图】N2604HBJ20732J合同/29000 电度表柜,06 交流回路图3.dwg,06,6,交流回路图3,交流电源,二次原理图,primary,WireDiagramExtractor,0.9,True,88088,prj,True,,
21,第三组_合同子项目,/mnt/data/xj_dataset/【出原理图】N2604HBJ20732J合同/29000 电度表柜,07 交直流电源回路图.dwg,07,7,交直流电源回路图,交流电源,二次原理图,primary,WireDiagramExtractor,0.9,True,94038,prj,True,,
21,第三组_合同子项目,/mnt/data/xj_dataset/【出原理图】N2604HBJ20732J合同/29000 电度表柜,08 电度表通信回1.dwg,08,8,电度表通信回1,其他/未知,二次原理图,primary,WireDiagramExtractor,0.75,True,87736,prj,True,,
21,第三组_合同子项目,/mnt/data/xj_dataset/【出原理图】N2604HBJ20732J合同/29000 电度表柜,09 电度表通信回2.dwg,09,9,电度表通信回2,其他/未知,二次原理图,primary,WireDiagramExtractor,0.75,True,78253,prj,True,,
21,第三组_合同子项目,/mnt/data/xj_dataset/【出原理图】N2604HBJ20732J合同/29000 电度表柜,10 电能量采集回路图.dwg,10,10,电能量采集回路图,其他/未知,二次原理图,primary,WireDiagramExtractor,0.9,True,108136,prj,True,,
21,第三组_合同子项目,/mnt/data/xj_dataset/【出原理图】N2604HBJ20732J合同/29000 电度表柜,11 电度表接线图1.dwg,11,11,电度表接线图1,其他/未知,背板接线图,secondary,LayoutOnlyExtractor,0.7,True,89943,prj,True,,
21,第三组_合同子项目,/mnt/data/xj_dataset/【出原理图】N2604HBJ20732J合同/29000 电度表柜,12 电度表接线图2.dwg,12,12,电度表接线图2,其他/未知,背板接线图,secondary,LayoutOnlyExtractor,0.7,True,79051,prj,True,,
21,第三组_合同子项目,/mnt/data/xj_dataset/【出原理图】N2604HBJ20732J合同/29000 电度表柜,13 电度表接线图3.dwg,13,13,电度表接线图3,其他/未知,背板接线图,secondary,LayoutOnlyExtractor,0.7,True,83601,prj,True,,
21,第三组_合同子项目,/mnt/data/xj_dataset/【出原理图】N2604HBJ20732J合同/29000 电度表柜,14 元件接线图.dwg,14,14,元件接线图,元件接线,元件接线图,supplemental,ComponentDiagramExtractor,0.98,True,78384,prj,True,,
21,第三组_合同子项目,/mnt/data/xj_dataset/【出原理图】N2604HBJ20732J合同/29000 电度表柜,15 左侧端子图.dwg,15,15,左侧端子图,端子图,屏端子图,supplemental,TerminalDiagramExtractor,0.7,True,110691,prj,True,,
21,第三组_合同子项目,/mnt/data/xj_dataset/【出原理图】N2604HBJ20732J合同/29000 电度表柜,16 右侧端子图.dwg,16,16,右侧端子图,端子图,屏端子图,supplemental,TerminalDiagramExtractor,0.7,True,104665,prj,True,,
22,第三组_合同子项目,/mnt/data/xj_dataset/【出原理图】N2604HBJ20732J合同/30000 保护信息子站柜,01 封面.dwg,01,1,封面,封面目录,封面/目录,skip,SkipExtractor,0.98,True,50788,prj,True,matched skip keyword: 封面,matched skip keyword: 封面
22,第三组_合同子项目,/mnt/data/xj_dataset/【出原理图】N2604HBJ20732J合同/30000 保护信息子站柜,02 目录.dwg,02,2,目录,封面目录,封面/目录,skip,SkipExtractor,0.7,True,51425,prj,True,matched skip keyword: 封面,matched skip keyword: 封面
22,第三组_合同子项目,/mnt/data/xj_dataset/【出原理图】N2604HBJ20732J合同/30000 保护信息子站柜,03 屏面布置图.dwg,03,3,屏面布置图,屏面布置,屏面布置图,skip,SkipExtractor,0.98,True,71080,prj,True,matched skip keyword: 屏面布置,matched skip keyword: 屏面布置
22,第三组_合同子项目,/mnt/data/xj_dataset/【出原理图】N2604HBJ20732J合同/30000 保护信息子站柜,04 交流回路图.dwg,04,4,交流回路图,交流电源,二次原理图,primary,WireDiagramExtractor,0.9,True,89012,prj,True,,
22,第三组_合同子项目,/mnt/data/xj_dataset/【出原理图】N2604HBJ20732J合同/30000 保护信息子站柜,05 直流回路图.dwg,05,5,直流回路图,直流电源,二次原理图,primary,WireDiagramExtractor,0.9,True,77519,prj,True,,
22,第三组_合同子项目,/mnt/data/xj_dataset/【出原理图】N2604HBJ20732J合同/30000 保护信息子站柜,06 网络信号回路图.dwg,06,6,网络信号回路图,保护信号,二次原理图,primary,WireDiagramExtractor,0.9,True,71017,prj,True,,
22,第三组_合同子项目,/mnt/data/xj_dataset/【出原理图】N2604HBJ20732J合同/30000 保护信息子站柜,07 交换机回路图.dwg,07,7,交换机回路图,网络通信,二次原理图,primary,WireDiagramExtractor,0.9,True,81915,prj,True,,
22,第三组_合同子项目,/mnt/data/xj_dataset/【出原理图】N2604HBJ20732J合同/30000 保护信息子站柜,08 保护及故障信息子站接线图.dwg,08,8,保护及故障信息子站接线图,保护信号,背板接线图,secondary,LayoutOnlyExtractor,0.7,True,73962,prj,True,,
22,第三组_合同子项目,/mnt/data/xj_dataset/【出原理图】N2604HBJ20732J合同/30000 保护信息子站柜,09 交换机接线图.dwg,09,9,交换机接线图,网络通信,背板接线图,secondary,LayoutOnlyExtractor,0.7,True,92636,prj,True,,
22,第三组_合同子项目,/mnt/data/xj_dataset/【出原理图】N2604HBJ20732J合同/30000 保护信息子站柜,10 防火墙接线图.dwg,10,10,防火墙接线图,其他/未知,背板接线图,secondary,LayoutOnlyExtractor,0.7,True,68613,prj,True,,
22,第三组_合同子项目,/mnt/data/xj_dataset/【出原理图】N2604HBJ20732J合同/30000 保护信息子站柜,11 元件接线图.dwg,11,11,元件接线图,元件接线,元件接线图,supplemental,ComponentDiagramExtractor,0.98,True,68330,prj,True,,
22,第三组_合同子项目,/mnt/data/xj_dataset/【出原理图】N2604HBJ20732J合同/30000 保护信息子站柜,12 左侧端子图.dwg,12,12,左侧端子图,端子图,屏端子图,supplemental,TerminalDiagramExtractor,0.7,True,88347,prj,True,,
23,第三组_合同子项目,/mnt/data/xj_dataset/【出原理图】N2604HBJ20732J合同/31000~32000 1~2#220kV线路保护A柜,01 封面.dwg,01,1,封面,封面目录,封面/目录,skip,SkipExtractor,0.98,True,49918,prj,True,matched skip keyword: 封面,matched skip keyword: 封面
23,第三组_合同子项目,/mnt/data/xj_dataset/【出原理图】N2604HBJ20732J合同/31000~32000 1~2#220kV线路保护A柜,02 目录.dwg,02,2,目录,封面目录,封面/目录,skip,SkipExtractor,0.7,True,54496,prj,True,matched skip keyword: 封面,matched skip keyword: 封面
23,第三组_合同子项目,/mnt/data/xj_dataset/【出原理图】N2604HBJ20732J合同/31000~32000 1~2#220kV线路保护A柜,03 屏面布置图.dwg,03,3,屏面布置图,屏面布置,屏面布置图,skip,SkipExtractor,0.98,True,73674,prj,True,matched skip keyword: 屏面布置,matched skip keyword: 屏面布置
23,第三组_合同子项目,/mnt/data/xj_dataset/【出原理图】N2604HBJ20732J合同/31000~32000 1~2#220kV线路保护A柜,04 压板标签示意图图.dwg,04,4,压板标签示意图图,标牌压板,屏面布置图,skip,SkipExtractor,0.7,True,56641,prj,True,matched skip keyword: 屏面布置,matched skip keyword: 屏面布置
23,第三组_合同子项目,/mnt/data/xj_dataset/【出原理图】N2604HBJ20732J合同/31000~32000 1~2#220kV线路保护A柜,05 交流回路图.dwg,05,5,交流回路图,交流电源,二次原理图,primary,WireDiagramExtractor,0.9,True,76207,prj,True,,
23,第三组_合同子项目,/mnt/data/xj_dataset/【出原理图】N2604HBJ20732J合同/31000~32000 1~2#220kV线路保护A柜,06 交直流回路图.dwg,06,6,交直流回路图,交流电源,二次原理图,primary,WireDiagramExtractor,0.9,True,79978,prj,True,,
23,第三组_合同子项目,/mnt/data/xj_dataset/【出原理图】N2604HBJ20732J合同/31000~32000 1~2#220kV线路保护A柜,07 网络通讯及对时回路.dwg,07,7,网络通讯及对时回路,网络通信,二次原理图,primary,WireDiagramExtractor,0.9,True,68263,prj,True,,
23,第三组_合同子项目,/mnt/data/xj_dataset/【出原理图】N2604HBJ20732J合同/31000~32000 1~2#220kV线路保护A柜,08 光纤通道回路.dwg,08,8,光纤通道回路,其他/未知,二次原理图,primary,WireDiagramExtractor,0.9,True,55426,prj,True,,
23,第三组_合同子项目,/mnt/data/xj_dataset/【出原理图】N2604HBJ20732J合同/31000~32000 1~2#220kV线路保护A柜,09 压板及功能接点开入图.dwg,09,9,压板及功能接点开入图,标牌压板,二次原理图,primary,WireDiagramExtractor,0.9,True,85304,prj,True,,
23,第三组_合同子项目,/mnt/data/xj_dataset/【出原理图】N2604HBJ20732J合同/31000~32000 1~2#220kV线路保护A柜,10 跳闸出口回路图.dwg,10,10,跳闸出口回路图,控制操作,二次原理图,primary,WireDiagramExtractor,0.9,True,90684,prj,True,,
23,第三组_合同子项目,/mnt/data/xj_dataset/【出原理图】N2604HBJ20732J合同/31000~32000 1~2#220kV线路保护A柜,11 信号回路图.dwg,11,11,信号回路图,保护信号,二次原理图,primary,WireDiagramExtractor,0.9,True,79055,prj,True,,
23,第三组_合同子项目,/mnt/data/xj_dataset/【出原理图】N2604HBJ20732J合同/31000~32000 1~2#220kV线路保护A柜,12 操作箱原理图1.dwg,12,12,操作箱原理图1,其他/未知,二次原理图,primary,WireDiagramExtractor,0.9,True,95035,prj,True,,
23,第三组_合同子项目,/mnt/data/xj_dataset/【出原理图】N2604HBJ20732J合同/31000~32000 1~2#220kV线路保护A柜,13 操作箱原理图2.dwg,13,13,操作箱原理图2,其他/未知,二次原理图,primary,WireDiagramExtractor,0.9,True,105247,prj,True,,
23,第三组_合同子项目,/mnt/data/xj_dataset/【出原理图】N2604HBJ20732J合同/31000~32000 1~2#220kV线路保护A柜,14 操作箱原理图3.dwg,14,14,操作箱原理图3,其他/未知,二次原理图,primary,WireDiagramExtractor,0.9,True,97973,prj,True,,
23,第三组_合同子项目,/mnt/data/xj_dataset/【出原理图】N2604HBJ20732J合同/31000~32000 1~2#220kV线路保护A柜,15 操作箱原理图4.dwg,15,15,操作箱原理图4,其他/未知,二次原理图,primary,WireDiagramExtractor,0.9,True,107080,prj,True,,
23,第三组_合同子项目,/mnt/data/xj_dataset/【出原理图】N2604HBJ20732J合同/31000~32000 1~2#220kV线路保护A柜,16 操作箱原理图5.dwg,16,16,操作箱原理图5,其他/未知,二次原理图,primary,WireDiagramExtractor,0.9,True,98110,prj,True,,
23,第三组_合同子项目,/mnt/data/xj_dataset/【出原理图】N2604HBJ20732J合同/31000~32000 1~2#220kV线路保护A柜,17 主保护背板接线图.dwg,17,17,主保护背板接线图,保护信号,背板接线图,secondary,LayoutOnlyExtractor,0.98,True,112325,prj,True,,
23,第三组_合同子项目,/mnt/data/xj_dataset/【出原理图】N2604HBJ20732J合同/31000~32000 1~2#220kV线路保护A柜,18 操作箱背板接线图1.dwg,18,18,操作箱背板接线图1,背板,背板接线图,secondary,LayoutOnlyExtractor,0.98,True,88346,prj,True,,
23,第三组_合同子项目,/mnt/data/xj_dataset/【出原理图】N2604HBJ20732J合同/31000~32000 1~2#220kV线路保护A柜,19 操作箱背板接线图2.dwg,19,19,操作箱背板接线图2,背板,背板接线图,secondary,LayoutOnlyExtractor,0.98,True,102663,prj,True,,
23,第三组_合同子项目,/mnt/data/xj_dataset/【出原理图】N2604HBJ20732J合同/31000~32000 1~2#220kV线路保护A柜,20 元件接线图1.dwg,20,20,元件接线图1,元件接线,元件接线图,supplemental,ComponentDiagramExtractor,0.98,True,73829,prj,True,,
23,第三组_合同子项目,/mnt/data/xj_dataset/【出原理图】N2604HBJ20732J合同/31000~32000 1~2#220kV线路保护A柜,21 元件接线图2.dwg,21,21,元件接线图2,元件接线,元件接线图,supplemental,ComponentDiagramExtractor,0.98,True,61798,prj,True,,
23,第三组_合同子项目,/mnt/data/xj_dataset/【出原理图】N2604HBJ20732J合同/31000~32000 1~2#220kV线路保护A柜,22 左侧端子图1.dwg,22,22,左侧端子图1,端子图,屏端子图,supplemental,TerminalDiagramExtractor,0.7,True,105365,prj,True,,
23,第三组_合同子项目,/mnt/data/xj_dataset/【出原理图】N2604HBJ20732J合同/31000~32000 1~2#220kV线路保护A柜,23 左侧端子图2.dwg,23,23,左侧端子图2,端子图,屏端子图,supplemental,TerminalDiagramExtractor,0.7,True,61254,prj,True,,
23,第三组_合同子项目,/mnt/data/xj_dataset/【出原理图】N2604HBJ20732J合同/31000~32000 1~2#220kV线路保护A柜,24 右侧端子图1.dwg,24,24,右侧端子图1,端子图,屏端子图,supplemental,TerminalDiagramExtractor,0.7,True,110529,prj,True,,
23,第三组_合同子项目,/mnt/data/xj_dataset/【出原理图】N2604HBJ20732J合同/31000~32000 1~2#220kV线路保护A柜,25 右侧端子图2.dwg,25,25,右侧端子图2,端子图,屏端子图,supplemental,TerminalDiagramExtractor,0.7,True,52923,prj,True,,
24,第三组_合同子项目,/mnt/data/xj_dataset/【出原理图】N2604HBJ20732J合同/33000~34000 1~2#220kV线路保护B柜,01 封面.dwg,01,1,封面,封面目录,封面/目录,skip,SkipExtractor,0.98,True,50078,prj,True,matched skip keyword: 封面,matched skip keyword: 封面
24,第三组_合同子项目,/mnt/data/xj_dataset/【出原理图】N2604HBJ20732J合同/33000~34000 1~2#220kV线路保护B柜,02 目录.dwg,02,2,目录,封面目录,封面/目录,skip,SkipExtractor,0.7,True,50754,prj,True,matched skip keyword: 封面,matched skip keyword: 封面
24,第三组_合同子项目,/mnt/data/xj_dataset/【出原理图】N2604HBJ20732J合同/33000~34000 1~2#220kV线路保护B柜,03 屏面布置图.dwg,03,3,屏面布置图,屏面布置,屏面布置图,skip,SkipExtractor,0.98,True,70054,prj,True,matched skip keyword: 屏面布置,matched skip keyword: 屏面布置
24,第三组_合同子项目,/mnt/data/xj_dataset/【出原理图】N2604HBJ20732J合同/33000~34000 1~2#220kV线路保护B柜,04 压板标签示意图图.dwg,04,4,压板标签示意图图,标牌压板,屏面布置图,skip,SkipExtractor,0.7,True,56004,prj,True,matched skip keyword: 屏面布置,matched skip keyword: 屏面布置
24,第三组_合同子项目,/mnt/data/xj_dataset/【出原理图】N2604HBJ20732J合同/33000~34000 1~2#220kV线路保护B柜,05 交流回路图.dwg,05,5,交流回路图,交流电源,二次原理图,primary,WireDiagramExtractor,0.9,True,76236,prj,True,,
24,第三组_合同子项目,/mnt/data/xj_dataset/【出原理图】N2604HBJ20732J合同/33000~34000 1~2#220kV线路保护B柜,06 交直流回路图.dwg,06,6,交直流回路图,交流电源,二次原理图,primary,WireDiagramExtractor,0.9,True,72486,prj,True,,
24,第三组_合同子项目,/mnt/data/xj_dataset/【出原理图】N2604HBJ20732J合同/33000~34000 1~2#220kV线路保护B柜,07 网络通讯及对时回路.dwg,07,7,网络通讯及对时回路,网络通信,二次原理图,primary,WireDiagramExtractor,0.9,True,67941,prj,True,,
24,第三组_合同子项目,/mnt/data/xj_dataset/【出原理图】N2604HBJ20732J合同/33000~34000 1~2#220kV线路保护B柜,08 光纤通道回路.dwg,08,8,光纤通道回路,其他/未知,二次原理图,primary,WireDiagramExtractor,0.9,True,55298,prj,True,,
24,第三组_合同子项目,/mnt/data/xj_dataset/【出原理图】N2604HBJ20732J合同/33000~34000 1~2#220kV线路保护B柜,09 压板及功能接点开入图.dwg,09,9,压板及功能接点开入图,标牌压板,二次原理图,primary,WireDiagramExtractor,0.9,True,105468,prj,True,,
24,第三组_合同子项目,/mnt/data/xj_dataset/【出原理图】N2604HBJ20732J合同/33000~34000 1~2#220kV线路保护B柜,10 跳闸出口回路图.dwg,10,10,跳闸出口回路图,控制操作,二次原理图,primary,WireDiagramExtractor,0.9,True,89304,prj,True,,
24,第三组_合同子项目,/mnt/data/xj_dataset/【出原理图】N2604HBJ20732J合同/33000~34000 1~2#220kV线路保护B柜,11 信号回路图.dwg,11,11,信号回路图,保护信号,二次原理图,primary,WireDiagramExtractor,0.9,True,78320,prj,True,,
24,第三组_合同子项目,/mnt/data/xj_dataset/【出原理图】N2604HBJ20732J合同/33000~34000 1~2#220kV线路保护B柜,12 主保护背板接线图.dwg,12,12,主保护背板接线图,保护信号,背板接线图,secondary,LayoutOnlyExtractor,0.98,True,112164,prj,True,,
24,第三组_合同子项目,/mnt/data/xj_dataset/【出原理图】N2604HBJ20732J合同/33000~34000 1~2#220kV线路保护B柜,13 元件接线图1.dwg,13,13,元件接线图1,元件接线,元件接线图,supplemental,ComponentDiagramExtractor,0.98,True,70984,prj,True,,
24,第三组_合同子项目,/mnt/data/xj_dataset/【出原理图】N2604HBJ20732J合同/33000~34000 1~2#220kV线路保护B柜,14 元件接线图2.dwg,14,14,元件接线图2,元件接线,元件接线图,supplemental,ComponentDiagramExtractor,0.98,True,61510,prj,True,,
24,第三组_合同子项目,/mnt/data/xj_dataset/【出原理图】N2604HBJ20732J合同/33000~34000 1~2#220kV线路保护B柜,15 左侧端子图1.dwg,15,15,左侧端子图1,端子图,屏端子图,supplemental,TerminalDiagramExtractor,0.7,True,100665,prj,True,,
24,第三组_合同子项目,/mnt/data/xj_dataset/【出原理图】N2604HBJ20732J合同/33000~34000 1~2#220kV线路保护B柜,16 左侧端子图2.dwg,16,16,左侧端子图2,端子图,屏端子图,supplemental,TerminalDiagramExtractor,0.7,True,60965,prj,True,,
25,第三组_合同子项目,/mnt/data/xj_dataset/【出原理图】N2604HBJ20732J合同/35000 2#同步相量测量柜,01 封面.dwg,01,1,封面,封面目录,封面/目录,skip,SkipExtractor,0.98,True,89658,prj,True,matched skip keyword: 封面,matched skip keyword: 封面
25,第三组_合同子项目,/mnt/data/xj_dataset/【出原理图】N2604HBJ20732J合同/35000 2#同步相量测量柜,02 目录.dwg,02,2,目录,封面目录,封面/目录,skip,SkipExtractor,0.7,True,56225,prj,True,matched skip keyword: 封面,matched skip keyword: 封面
25,第三组_合同子项目,/mnt/data/xj_dataset/【出原理图】N2604HBJ20732J合同/35000 2#同步相量测量柜,03 屏面布置图.dwg,03,3,屏面布置图,屏面布置,屏面布置图,skip,SkipExtractor,0.98,True,82768,prj,True,matched skip keyword: 屏面布置,matched skip keyword: 屏面布置
25,第三组_合同子项目,/mnt/data/xj_dataset/【出原理图】N2604HBJ20732J合同/35000 2#同步相量测量柜,04 交流回路图1.dwg,04,4,交流回路图1,交流电源,二次原理图,primary,WireDiagramExtractor,0.9,True,93468,prj,True,,
25,第三组_合同子项目,/mnt/data/xj_dataset/【出原理图】N2604HBJ20732J合同/35000 2#同步相量测量柜,05 交流回路图2.dwg,05,5,交流回路图2,交流电源,二次原理图,primary,WireDiagramExtractor,0.9,True,96542,prj,True,,
25,第三组_合同子项目,/mnt/data/xj_dataset/【出原理图】N2604HBJ20732J合同/35000 2#同步相量测量柜,06 交流回路图3.dwg,06,6,交流回路图3,交流电源,二次原理图,primary,WireDiagramExtractor,0.9,True,93631,prj,True,,
25,第三组_合同子项目,/mnt/data/xj_dataset/【出原理图】N2604HBJ20732J合同/35000 2#同步相量测量柜,07 交流回路图4.dwg,07,7,交流回路图4,交流电源,二次原理图,primary,WireDiagramExtractor,0.9,True,96064,prj,True,,
25,第三组_合同子项目,/mnt/data/xj_dataset/【出原理图】N2604HBJ20732J合同/35000 2#同步相量测量柜,08 交直流回路图.dwg,08,8,交直流回路图,交流电源,二次原理图,primary,WireDiagramExtractor,0.9,True,85621,prj,True,,
25,第三组_合同子项目,/mnt/data/xj_dataset/【出原理图】N2604HBJ20732J合同/35000 2#同步相量测量柜,09 信号直流测量回路图1.dwg,09,9,信号直流测量回路图1,其他/未知,二次原理图,primary,WireDiagramExtractor,0.9,True,85877,prj,True,,
25,第三组_合同子项目,/mnt/data/xj_dataset/【出原理图】N2604HBJ20732J合同/35000 2#同步相量测量柜,10 信号回路图.dwg,10,10,信号回路图,保护信号,二次原理图,primary,WireDiagramExtractor,0.9,True,69415,prj,True,,
25,第三组_合同子项目,/mnt/data/xj_dataset/【出原理图】N2604HBJ20732J合同/35000 2#同步相量测量柜,11 采集器开入回路1.dwg,11,11,采集器开入回路1,开入,二次原理图,primary,WireDiagramExtractor,0.9,True,83641,prj,True,,
25,第三组_合同子项目,/mnt/data/xj_dataset/【出原理图】N2604HBJ20732J合同/35000 2#同步相量测量柜,12 采集器开入回路2.dwg,12,12,采集器开入回路2,开入,二次原理图,primary,WireDiagramExtractor,0.9,True,84441,prj,True,,
25,第三组_合同子项目,/mnt/data/xj_dataset/【出原理图】N2604HBJ20732J合同/35000 2#同步相量测量柜,13 PMU采集器背板接线图1.dwg,13,13,PMU采集器背板接线图1,网络通信,背板接线图,secondary,LayoutOnlyExtractor,0.98,True,95777,prj,True,,
25,第三组_合同子项目,/mnt/data/xj_dataset/【出原理图】N2604HBJ20732J合同/35000 2#同步相量测量柜,14 PMU采集器背板接线图2.dwg,14,14,PMU采集器背板接线图2,网络通信,背板接线图,secondary,LayoutOnlyExtractor,0.98,True,95072,prj,True,,
25,第三组_合同子项目,/mnt/data/xj_dataset/【出原理图】N2604HBJ20732J合同/35000 2#同步相量测量柜,15 元件接线图.dwg,15,15,元件接线图,元件接线,元件接线图,supplemental,ComponentDiagramExtractor,0.98,True,72652,prj,True,,
25,第三组_合同子项目,/mnt/data/xj_dataset/【出原理图】N2604HBJ20732J合同/35000 2#同步相量测量柜,16 左侧端子图1.dwg,16,16,左侧端子图1,端子图,屏端子图,supplemental,TerminalDiagramExtractor,0.7,True,127008,prj,True,,
25,第三组_合同子项目,/mnt/data/xj_dataset/【出原理图】N2604HBJ20732J合同/35000 2#同步相量测量柜,17 左侧端子图2.dwg,17,17,左侧端子图2,端子图,屏端子图,supplemental,TerminalDiagramExtractor,0.7,True,77195,prj,True,,
25,第三组_合同子项目,/mnt/data/xj_dataset/【出原理图】N2604HBJ20732J合同/35000 2#同步相量测量柜,18 右侧端子图1.dwg,18,18,右侧端子图1,端子图,屏端子图,supplemental,TerminalDiagramExtractor,0.7,True,120844,prj,True,,
25,第三组_合同子项目,/mnt/data/xj_dataset/【出原理图】N2604HBJ20732J合同/35000 2#同步相量测量柜,19 右侧端子图2.dwg,19,19,右侧端子图2,端子图,屏端子图,supplemental,TerminalDiagramExtractor,0.7,True,82831,prj,True,,
26,第三组_合同子项目,/mnt/data/xj_dataset/【出原理图】N2604HBJ20732J合同/8000~9000 主-扩展时钟同步柜,01 封面.dwg,01,1,封面,封面目录,封面/目录,skip,SkipExtractor,0.98,True,58992,prj,True,matched skip keyword: 封面,matched skip keyword: 封面
26,第三组_合同子项目,/mnt/data/xj_dataset/【出原理图】N2604HBJ20732J合同/8000~9000 主-扩展时钟同步柜,02 目录.dwg,02,2,目录,封面目录,封面/目录,skip,SkipExtractor,0.7,True,57057,prj,True,matched skip keyword: 封面,matched skip keyword: 封面
26,第三组_合同子项目,/mnt/data/xj_dataset/【出原理图】N2604HBJ20732J合同/8000~9000 主-扩展时钟同步柜,03 屏面布置图.dwg,03,3,屏面布置图,屏面布置,屏面布置图,skip,SkipExtractor,0.98,True,69385,prj,True,matched skip keyword: 屏面布置,matched skip keyword: 屏面布置
26,第三组_合同子项目,/mnt/data/xj_dataset/【出原理图】N2604HBJ20732J合同/8000~9000 主-扩展时钟同步柜,04 直流回路图.dwg,04,4,直流回路图,直流电源,二次原理图,primary,WireDiagramExtractor,0.9,True,80651,prj,True,,
26,第三组_合同子项目,/mnt/data/xj_dataset/【出原理图】N2604HBJ20732J合同/8000~9000 主-扩展时钟同步柜,05 信号回路图.dwg,05,5,信号回路图,保护信号,二次原理图,primary,WireDiagramExtractor,0.9,True,66760,prj,True,,
26,第三组_合同子项目,/mnt/data/xj_dataset/【出原理图】N2604HBJ20732J合同/8000~9000 主-扩展时钟同步柜,06 时钟对时回路图1.dwg,06,6,时钟对时回路图1,网络通信,二次原理图,primary,WireDiagramExtractor,0.9,True,83658,prj,True,,
26,第三组_合同子项目,/mnt/data/xj_dataset/【出原理图】N2604HBJ20732J合同/8000~9000 主-扩展时钟同步柜,07 时钟对时回路图2.dwg,07,7,时钟对时回路图2,网络通信,二次原理图,primary,WireDiagramExtractor,0.9,True,82850,prj,True,,
26,第三组_合同子项目,/mnt/data/xj_dataset/【出原理图】N2604HBJ20732J合同/8000~9000 主-扩展时钟同步柜,08 时钟对时回路图3.dwg,08,8,时钟对时回路图3,网络通信,二次原理图,primary,WireDiagramExtractor,0.9,True,83430,prj,True,,
26,第三组_合同子项目,/mnt/data/xj_dataset/【出原理图】N2604HBJ20732J合同/8000~9000 主-扩展时钟同步柜,09 时钟对时回路图4.dwg,09,9,时钟对时回路图4,网络通信,二次原理图,primary,WireDiagramExtractor,0.9,True,83688,prj,True,,
26,第三组_合同子项目,/mnt/data/xj_dataset/【出原理图】N2604HBJ20732J合同/8000~9000 主-扩展时钟同步柜,10 时钟对时回路图5.dwg,10,10,时钟对时回路图5,网络通信,二次原理图,primary,WireDiagramExtractor,0.9,True,82501,prj,True,,
26,第三组_合同子项目,/mnt/data/xj_dataset/【出原理图】N2604HBJ20732J合同/8000~9000 主-扩展时钟同步柜,11 时钟对时回路图6.dwg,11,11,时钟对时回路图6,网络通信,二次原理图,primary,WireDiagramExtractor,0.9,True,83329,prj,True,,
26,第三组_合同子项目,/mnt/data/xj_dataset/【出原理图】N2604HBJ20732J合同/8000~9000 主-扩展时钟同步柜,12 时钟联系图.dwg,12,12,时钟联系图,其他/未知,二次原理图,primary,WireDiagramExtractor,0.75,True,73943,prj,True,,
26,第三组_合同子项目,/mnt/data/xj_dataset/【出原理图】N2604HBJ20732J合同/8000~9000 主-扩展时钟同步柜,13 元件接线图1.dwg,13,13,元件接线图1,元件接线,元件接线图,supplemental,ComponentDiagramExtractor,0.98,True,66900,prj,True,,
26,第三组_合同子项目,/mnt/data/xj_dataset/【出原理图】N2604HBJ20732J合同/8000~9000 主-扩展时钟同步柜,14 元件接线图2.dwg,14,14,元件接线图2,元件接线,元件接线图,supplemental,ComponentDiagramExtractor,0.98,True,107622,prj,True,,
26,第三组_合同子项目,/mnt/data/xj_dataset/【出原理图】N2604HBJ20732J合同/8000~9000 主-扩展时钟同步柜,15 元件接线图3.dwg,15,15,元件接线图3,元件接线,元件接线图,supplemental,ComponentDiagramExtractor,0.98,True,107206,prj,True,,
26,第三组_合同子项目,/mnt/data/xj_dataset/【出原理图】N2604HBJ20732J合同/8000~9000 主-扩展时钟同步柜,16 左侧端子图1.dwg,16,16,左侧端子图1,端子图,屏端子图,supplemental,TerminalDiagramExtractor,0.7,True,134914,prj,True,,
26,第三组_合同子项目,/mnt/data/xj_dataset/【出原理图】N2604HBJ20732J合同/8000~9000 主-扩展时钟同步柜,17 左侧端子图2.dwg,17,17,左侧端子图2,端子图,屏端子图,supplemental,TerminalDiagramExtractor,0.7,True,81561,prj,True,,
26,第三组_合同子项目,/mnt/data/xj_dataset/【出原理图】N2604HBJ20732J合同/8000~9000 主-扩展时钟同步柜,18 右侧端子图1.dwg,18,18,右侧端子图1,端子图,屏端子图,supplemental,TerminalDiagramExtractor,0.7,True,136132,prj,True,,
26,第三组_合同子项目,/mnt/data/xj_dataset/【出原理图】N2604HBJ20732J合同/8000~9000 主-扩展时钟同步柜,19 右侧端子图2.dwg,19,19,右侧端子图2,端子图,屏端子图,supplemental,TerminalDiagramExtractor,0.7,True,72468,prj,True,,
27,第二组_测控柜,/mnt/data/xj_dataset/变压器测控柜(2圈变，2台测控),01 封面.dwg,01,1,封面,封面目录,封面/目录,skip,SkipExtractor,0.98,True,50406,prj,True,matched skip keyword: 封面,matched skip keyword: 封面
27,第二组_测控柜,/mnt/data/xj_dataset/变压器测控柜(2圈变，2台测控),02 目录.dwg,02,2,目录,封面目录,封面/目录,skip,SkipExtractor,0.7,True,55204,prj,True,matched skip keyword: 封面,matched skip keyword: 封面
27,第二组_测控柜,/mnt/data/xj_dataset/变压器测控柜(2圈变，2台测控),03 屏面布置图.dwg,03,3,屏面布置图,屏面布置,屏面布置图,skip,SkipExtractor,0.98,True,85873,prj,True,matched skip keyword: 屏面布置,matched skip keyword: 屏面布置
27,第二组_测控柜,/mnt/data/xj_dataset/变压器测控柜(2圈变，2台测控),04 交流回路图1.dwg,04,4,交流回路图1,交流电源,二次原理图,primary,WireDiagramExtractor,0.9,True,83410,prj,True,,
27,第二组_测控柜,/mnt/data/xj_dataset/变压器测控柜(2圈变，2台测控),05 交流回路图2.dwg,05,5,交流回路图2,交流电源,二次原理图,primary,WireDiagramExtractor,0.9,True,81745,prj,True,,
27,第二组_测控柜,/mnt/data/xj_dataset/变压器测控柜(2圈变，2台测控),06 直流回路图.dwg,06,6,直流回路图,直流电源,二次原理图,primary,WireDiagramExtractor,0.9,True,88407,prj,True,,
27,第二组_测控柜,/mnt/data/xj_dataset/变压器测控柜(2圈变，2台测控),07 网络对时回路图.dwg,07,7,网络对时回路图,网络通信,二次原理图,primary,WireDiagramExtractor,0.9,True,63052,prj,True,,
27,第二组_测控柜,/mnt/data/xj_dataset/变压器测控柜(2圈变，2台测控),08 测控1开入回路图1.dwg,08,8,测控1开入回路图1,开入,二次原理图,primary,WireDiagramExtractor,0.9,True,92577,prj,True,,
27,第二组_测控柜,/mnt/data/xj_dataset/变压器测控柜(2圈变，2台测控),09 测控1开入回路图2.dwg,09,9,测控1开入回路图2,开入,二次原理图,primary,WireDiagramExtractor,0.9,True,107666,prj,True,,
27,第二组_测控柜,/mnt/data/xj_dataset/变压器测控柜(2圈变，2台测控),10 测控1控制回路图1.dwg,10,10,测控1控制回路图1,控制操作,二次原理图,primary,WireDiagramExtractor,0.9,True,88755,prj,True,,
27,第二组_测控柜,/mnt/data/xj_dataset/变压器测控柜(2圈变，2台测控),11 测控1控制回路图2.dwg,11,11,测控1控制回路图2,控制操作,二次原理图,primary,WireDiagramExtractor,0.9,True,70546,prj,True,,
27,第二组_测控柜,/mnt/data/xj_dataset/变压器测控柜(2圈变，2台测控),12 测控2开入回路图1.dwg,12,12,测控2开入回路图1,开入,二次原理图,primary,WireDiagramExtractor,0.9,True,110704,prj,True,,
27,第二组_测控柜,/mnt/data/xj_dataset/变压器测控柜(2圈变，2台测控),13 测控2开入回路图2.dwg,13,13,测控2开入回路图2,开入,二次原理图,primary,WireDiagramExtractor,0.9,True,104714,prj,True,,
27,第二组_测控柜,/mnt/data/xj_dataset/变压器测控柜(2圈变，2台测控),14 测控2开入回路图3.dwg,14,14,测控2开入回路图3,开入,二次原理图,primary,WireDiagramExtractor,0.9,True,75565,prj,True,,
27,第二组_测控柜,/mnt/data/xj_dataset/变压器测控柜(2圈变，2台测控),15 测控2控制回路图1.dwg,15,15,测控2控制回路图1,控制操作,二次原理图,primary,WireDiagramExtractor,0.9,True,80913,prj,True,,
27,第二组_测控柜,/mnt/data/xj_dataset/变压器测控柜(2圈变，2台测控),16 测控2控制回路图2.dwg,16,16,测控2控制回路图2,控制操作,二次原理图,primary,WireDiagramExtractor,0.9,True,79547,prj,True,,
27,第二组_测控柜,/mnt/data/xj_dataset/变压器测控柜(2圈变，2台测控),17 测控1装置背板.dwg,17,17,测控1装置背板,背板,背板接线图,secondary,LayoutOnlyExtractor,0.98,True,89473,prj,True,,
27,第二组_测控柜,/mnt/data/xj_dataset/变压器测控柜(2圈变，2台测控),18 测控2装置背板.dwg,18,18,测控2装置背板,背板,背板接线图,secondary,LayoutOnlyExtractor,0.98,True,86461,prj,True,,
27,第二组_测控柜,/mnt/data/xj_dataset/变压器测控柜(2圈变，2台测控),19 元件接线图1.dwg,19,19,元件接线图1,元件接线,元件接线图,supplemental,ComponentDiagramExtractor,0.98,True,84172,prj,True,,
27,第二组_测控柜,/mnt/data/xj_dataset/变压器测控柜(2圈变，2台测控),20 元件接线图2.dwg,20,20,元件接线图2,元件接线,元件接线图,supplemental,ComponentDiagramExtractor,0.98,True,59214,prj,True,,
27,第二组_测控柜,/mnt/data/xj_dataset/变压器测控柜(2圈变，2台测控),21 左侧端子图1.dwg,21,21,左侧端子图1,端子图,屏端子图,supplemental,TerminalDiagramExtractor,0.7,True,101177,prj,True,,
27,第二组_测控柜,/mnt/data/xj_dataset/变压器测控柜(2圈变，2台测控),22 左侧端子图2.dwg,22,22,左侧端子图2,端子图,屏端子图,supplemental,TerminalDiagramExtractor,0.7,True,79795,prj,True,,
27,第二组_测控柜,/mnt/data/xj_dataset/变压器测控柜(2圈变，2台测控),23 右侧端子图1.dwg,23,23,右侧端子图1,端子图,屏端子图,supplemental,TerminalDiagramExtractor,0.7,True,97601,prj,True,,
27,第二组_测控柜,/mnt/data/xj_dataset/变压器测控柜(2圈变，2台测控),24 右侧端子图2.dwg,24,24,右侧端子图2,端子图,屏端子图,supplemental,TerminalDiagramExtractor,0.7,True,79635,prj,True,,
