project_index,group,project_root,style,name,length
1,第一组_保护柜,/mnt/data/xj_dataset/110kV变压器保护柜/WBH-812E-E1SA(二侧差动+调压)+WBH-813E-E1SH+WBH-813E-E1SH+WBH-814E-E1SA,左侧,ZD,93.0
1,第一组_保护柜,/mnt/data/xj_dataset/110kV变压器保护柜/WBH-812E-E1SA(二侧差动+调压)+WBH-813E-E1SH+WBH-813E-E1SH+WBH-814E-E1SA,左侧,CD,167.4
1,第一组_保护柜,/mnt/data/xj_dataset/110kV变压器保护柜/WBH-812E-E1SA(二侧差动+调压)+WBH-813E-E1SH+WBH-813E-E1SH+WBH-814E-E1SA,左侧,KD,167.4
1,第一组_保护柜,/mnt/data/xj_dataset/110kV变压器保护柜/WBH-812E-E1SA(二侧差动+调压)+WBH-813E-E1SH+WBH-813E-E1SH+WBH-814E-E1SA,左侧,5FD,173.6
1,第一组_保护柜,/mnt/data/xj_dataset/110kV变压器保护柜/WBH-812E-E1SA(二侧差动+调压)+WBH-813E-E1SH+WBH-813E-E1SH+WBH-814E-E1SA,左侧,3-2QD,86.8
1,第一组_保护柜,/mnt/data/xj_dataset/110kV变压器保护柜/WBH-812E-E1SA(二侧差动+调压)+WBH-813E-E1SH+WBH-813E-E1SH+WBH-814E-E1SA,左侧,3-4QD,179.8
1,第一组_保护柜,/mnt/data/xj_dataset/110kV变压器保护柜/WBH-812E-E1SA(二侧差动+调压)+WBH-813E-E1SH+WBH-813E-E1SH+WBH-814E-E1SA,左侧,3-4CD,37.2
1,第一组_保护柜,/mnt/data/xj_dataset/110kV变压器保护柜/WBH-812E-E1SA(二侧差动+调压)+WBH-813E-E1SH+WBH-813E-E1SH+WBH-814E-E1SA,左侧,3-4PD,49.6
1,第一组_保护柜,/mnt/data/xj_dataset/110kV变压器保护柜/WBH-812E-E1SA(二侧差动+调压)+WBH-813E-E1SH+WBH-813E-E1SH+WBH-814E-E1SA,左侧,5YD,142.6
1,第一组_保护柜,/mnt/data/xj_dataset/110kV变压器保护柜/WBH-812E-E1SA(二侧差动+调压)+WBH-813E-E1SH+WBH-813E-E1SH+WBH-814E-E1SA,左侧,3-4YD,55.8
1,第一组_保护柜,/mnt/data/xj_dataset/110kV变压器保护柜/WBH-812E-E1SA(二侧差动+调压)+WBH-813E-E1SH+WBH-813E-E1SH+WBH-814E-E1SA,左侧,1BD,68.2
1,第一组_保护柜,/mnt/data/xj_dataset/110kV变压器保护柜/WBH-812E-E1SA(二侧差动+调压)+WBH-813E-E1SH+WBH-813E-E1SH+WBH-814E-E1SA,右侧,1ID,104.6
1,第一组_保护柜,/mnt/data/xj_dataset/110kV变压器保护柜/WBH-812E-E1SA(二侧差动+调压)+WBH-813E-E1SH+WBH-813E-E1SH+WBH-814E-E1SA,右侧,1-2UD,88.2
1,第一组_保护柜,/mnt/data/xj_dataset/110kV变压器保护柜/WBH-812E-E1SA(二侧差动+调压)+WBH-813E-E1SH+WBH-813E-E1SH+WBH-814E-E1SA,右侧,1-2ID,88.2
1,第一组_保护柜,/mnt/data/xj_dataset/110kV变压器保护柜/WBH-812E-E1SA(二侧差动+调压)+WBH-813E-E1SH+WBH-813E-E1SH+WBH-814E-E1SA,右侧,3-2UD,88.2
1,第一组_保护柜,/mnt/data/xj_dataset/110kV变压器保护柜/WBH-812E-E1SA(二侧差动+调压)+WBH-813E-E1SH+WBH-813E-E1SH+WBH-814E-E1SA,右侧,3-2ID,88.2
1,第一组_保护柜,/mnt/data/xj_dataset/110kV变压器保护柜/WBH-812E-E1SA(二侧差动+调压)+WBH-813E-E1SH+WBH-813E-E1SH+WBH-814E-E1SA,右侧,1QD,43.4
1,第一组_保护柜,/mnt/data/xj_dataset/110kV变压器保护柜/WBH-812E-E1SA(二侧差动+调压)+WBH-813E-E1SH+WBH-813E-E1SH+WBH-814E-E1SA,右侧,1-2QD,86.8
1,第一组_保护柜,/mnt/data/xj_dataset/110kV变压器保护柜/WBH-812E-E1SA(二侧差动+调压)+WBH-813E-E1SH+WBH-813E-E1SH+WBH-814E-E1SA,右侧,1-4QD,179.8
1,第一组_保护柜,/mnt/data/xj_dataset/110kV变压器保护柜/WBH-812E-E1SA(二侧差动+调压)+WBH-813E-E1SH+WBH-813E-E1SH+WBH-814E-E1SA,右侧,1-4CD,37.2
1,第一组_保护柜,/mnt/data/xj_dataset/110kV变压器保护柜/WBH-812E-E1SA(二侧差动+调压)+WBH-813E-E1SH+WBH-813E-E1SH+WBH-814E-E1SA,右侧,1-4PD,49.6
1,第一组_保护柜,/mnt/data/xj_dataset/110kV变压器保护柜/WBH-812E-E1SA(二侧差动+调压)+WBH-813E-E1SH+WBH-813E-E1SH+WBH-814E-E1SA,右侧,1-4YD,55.8
1,第一组_保护柜,/mnt/data/xj_dataset/110kV变压器保护柜/WBH-812E-E1SA(二侧差动+调压)+WBH-813E-E1SH+WBH-813E-E1SH+WBH-814E-E1SA,右侧,YD,93.0
1,第一组_保护柜,/mnt/data/xj_dataset/110kV变压器保护柜/WBH-812E-E1SA(二侧差动+调压)+WBH-813E-E1SH+WBH-813E-E1SH+WBH-814E-E1SA,右侧,LD,62.0
1,第一组_保护柜,/mnt/data/xj_dataset/110kV变压器保护柜/WBH-812E-E1SA(二侧差动+调压)+WBH-813E-E1SH+WBH-813E-E1SH+WBH-814E-E1SA,右侧,TD,62.0
1,第一组_保护柜,/mnt/data/xj_dataset/110kV变压器保护柜/WBH-812E-E1SA(二侧差动+调压)+WBH-813E-E1SH+WBH-813E-E1SH+WBH-814E-E1SA,右侧,JD,74.4
1,第一组_保护柜,/mnt/data/xj_dataset/110kV变压器保护柜/WBH-812E-E1SA(二侧差动+调压)+WBH-813E-E1SH+WBH-813E-E1SH+WBH-814E-E1SA,右侧,2BD,68.2
2,第三组_合同子项目,/mnt/data/xj_dataset/【出原理图】N2604HBJ20732J合同/10000 远动通信柜,左侧,1-25TD,0.0
2,第三组_合同子项目,/mnt/data/xj_dataset/【出原理图】N2604HBJ20732J合同/10000 远动通信柜,左侧,2-25TD,0.0
2,第三组_合同子项目,/mnt/data/xj_dataset/【出原理图】N2604HBJ20732J合同/10000 远动通信柜,左侧,BD,0.0
2,第三组_合同子项目,/mnt/data/xj_dataset/【出原理图】N2604HBJ20732J合同/10000 远动通信柜,左侧,JD,0.0
2,第三组_合同子项目,/mnt/data/xj_dataset/【出原理图】N2604HBJ20732J合同/10000 远动通信柜,左侧,YD,0.0
2,第三组_合同子项目,/mnt/data/xj_dataset/【出原理图】N2604HBJ20732J合同/10000 远动通信柜,左侧,ZD,0.0
3,第三组_合同子项目,/mnt/data/xj_dataset/【出原理图】N2604HBJ20732J合同/11000 站控层网络通信柜,左侧,1-42TD,0.0
3,第三组_合同子项目,/mnt/data/xj_dataset/【出原理图】N2604HBJ20732J合同/11000 站控层网络通信柜,左侧,44TD,0.0
3,第三组_合同子项目,/mnt/data/xj_dataset/【出原理图】N2604HBJ20732J合同/11000 站控层网络通信柜,左侧,BD,0.0
3,第三组_合同子项目,/mnt/data/xj_dataset/【出原理图】N2604HBJ20732J合同/11000 站控层网络通信柜,左侧,JD,0.0
3,第三组_合同子项目,/mnt/data/xj_dataset/【出原理图】N2604HBJ20732J合同/11000 站控层网络通信柜,左侧,YD,0.0
3,第三组_合同子项目,/mnt/data/xj_dataset/【出原理图】N2604HBJ20732J合同/11000 站控层网络通信柜,左侧,ZD,0.0
4,第三组_合同子项目,/mnt/data/xj_dataset/【出原理图】N2604HBJ20732J合同/12000 主变及35kV网络通信柜,左侧,BD,0.0
4,第三组_合同子项目,/mnt/data/xj_dataset/【出原理图】N2604HBJ20732J合同/12000 主变及35kV网络通信柜,左侧,YD,0.0
4,第三组_合同子项目,/mnt/data/xj_dataset/【出原理图】N2604HBJ20732J合同/12000 主变及35kV网络通信柜,左侧,ZD,0.0
4,第三组_合同子项目,/mnt/data/xj_dataset/【出原理图】N2604HBJ20732J合同/12000 主变及35kV网络通信柜,左侧,JD,0.0
5,第三组_合同子项目,/mnt/data/xj_dataset/【出原理图】N2604HBJ20732J合同/13000 光伏区网络通信A柜,左侧,BD,0.0
5,第三组_合同子项目,/mnt/data/xj_dataset/【出原理图】N2604HBJ20732J合同/13000 光伏区网络通信A柜,左侧,JD,0.0
6,第三组_合同子项目,/mnt/data/xj_dataset/【出原理图】N2604HBJ20732J合同/14000 光伏区网络通信B柜,左侧,1-42TD,0.0
6,第三组_合同子项目,/mnt/data/xj_dataset/【出原理图】N2604HBJ20732J合同/14000 光伏区网络通信B柜,左侧,BD,0.0
6,第三组_合同子项目,/mnt/data/xj_dataset/【出原理图】N2604HBJ20732J合同/14000 光伏区网络通信B柜,左侧,YD,0.0
6,第三组_合同子项目,/mnt/data/xj_dataset/【出原理图】N2604HBJ20732J合同/14000 光伏区网络通信B柜,左侧,ZD,0.0
6,第三组_合同子项目,/mnt/data/xj_dataset/【出原理图】N2604HBJ20732J合同/14000 光伏区网络通信B柜,左侧,JD,0.0
7,第三组_合同子项目,/mnt/data/xj_dataset/【出原理图】N2604HBJ20732J合同/15000 220kV公用测控柜,左侧,2-21CD,0.0
7,第三组_合同子项目,/mnt/data/xj_dataset/【出原理图】N2604HBJ20732J合同/15000 220kV公用测控柜,左侧,2-21GD,0.0
7,第三组_合同子项目,/mnt/data/xj_dataset/【出原理图】N2604HBJ20732J合同/15000 220kV公用测控柜,左侧,2-21QD,0.0
7,第三组_合同子项目,/mnt/data/xj_dataset/【出原理图】N2604HBJ20732J合同/15000 220kV公用测控柜,左侧,2-21UD,0.0
7,第三组_合同子项目,/mnt/data/xj_dataset/【出原理图】N2604HBJ20732J合同/15000 220kV公用测控柜,左侧,2-21YD,0.0
7,第三组_合同子项目,/mnt/data/xj_dataset/【出原理图】N2604HBJ20732J合同/15000 220kV公用测控柜,左侧,YD,0.0
7,第三组_合同子项目,/mnt/data/xj_dataset/【出原理图】N2604HBJ20732J合同/15000 220kV公用测控柜,左侧,ZD,0.0
7,第三组_合同子项目,/mnt/data/xj_dataset/【出原理图】N2604HBJ20732J合同/15000 220kV公用测控柜,右侧,1-21CD,0.0
7,第三组_合同子项目,/mnt/data/xj_dataset/【出原理图】N2604HBJ20732J合同/15000 220kV公用测控柜,右侧,1-21GD,0.0
7,第三组_合同子项目,/mnt/data/xj_dataset/【出原理图】N2604HBJ20732J合同/15000 220kV公用测控柜,右侧,1-21QD,0.0
7,第三组_合同子项目,/mnt/data/xj_dataset/【出原理图】N2604HBJ20732J合同/15000 220kV公用测控柜,右侧,1-21UD,0.0
7,第三组_合同子项目,/mnt/data/xj_dataset/【出原理图】N2604HBJ20732J合同/15000 220kV公用测控柜,右侧,1-21YD,0.0
7,第三组_合同子项目,/mnt/data/xj_dataset/【出原理图】N2604HBJ20732J合同/15000 220kV公用测控柜,右侧,TD,0.0
7,第三组_合同子项目,/mnt/data/xj_dataset/【出原理图】N2604HBJ20732J合同/15000 220kV公用测控柜,右侧,BD,0.0
7,第三组_合同子项目,/mnt/data/xj_dataset/【出原理图】N2604HBJ20732J合同/15000 220kV公用测控柜,右侧,JD,0.0
8,第三组_合同子项目,/mnt/data/xj_dataset/【出原理图】N2604HBJ20732J合同/16000 220kV电压并列柜,左侧,7U1D,0.0
8,第三组_合同子项目,/mnt/data/xj_dataset/【出原理图】N2604HBJ20732J合同/16000 220kV电压并列柜,左侧,UD,0.0
8,第三组_合同子项目,/mnt/data/xj_dataset/【出原理图】N2604HBJ20732J合同/16000 220kV电压并列柜,左侧,ZD,0.0
8,第三组_合同子项目,/mnt/data/xj_dataset/【出原理图】N2604HBJ20732J合同/16000 220kV电压并列柜,右侧,7QD,0.0
8,第三组_合同子项目,/mnt/data/xj_dataset/【出原理图】N2604HBJ20732J合同/16000 220kV电压并列柜,右侧,7U2D,0.0
8,第三组_合同子项目,/mnt/data/xj_dataset/【出原理图】N2604HBJ20732J合同/16000 220kV电压并列柜,右侧,7YD,0.0
8,第三组_合同子项目,/mnt/data/xj_dataset/【出原理图】N2604HBJ20732J合同/16000 220kV电压并列柜,右侧,BD,0.0
8,第三组_合同子项目,/mnt/data/xj_dataset/【出原理图】N2604HBJ20732J合同/16000 220kV电压并列柜,右侧,JD,0.0
9,第三组_合同子项目,/mnt/data/xj_dataset/【出原理图】N2604HBJ20732J合同/17000 公用测控柜,左侧,2-21CD,0.0
9,第三组_合同子项目,/mnt/data/xj_dataset/【出原理图】N2604HBJ20732J合同/17000 公用测控柜,左侧,2-21GD,0.0
9,第三组_合同子项目,/mnt/data/xj_dataset/【出原理图】N2604HBJ20732J合同/17000 公用测控柜,左侧,2-21ID,0.0
9,第三组_合同子项目,/mnt/data/xj_dataset/【出原理图】N2604HBJ20732J合同/17000 公用测控柜,左侧,2-21QD,0.0
9,第三组_合同子项目,/mnt/data/xj_dataset/【出原理图】N2604HBJ20732J合同/17000 公用测控柜,左侧,2-21UD,0.0
9,第三组_合同子项目,/mnt/data/xj_dataset/【出原理图】N2604HBJ20732J合同/17000 公用测控柜,左侧,2-21WD,0.0
9,第三组_合同子项目,/mnt/data/xj_dataset/【出原理图】N2604HBJ20732J合同/17000 公用测控柜,左侧,2-21YD,0.0
9,第三组_合同子项目,/mnt/data/xj_dataset/【出原理图】N2604HBJ20732J合同/17000 公用测控柜,左侧,ZD,0.0
9,第三组_合同子项目,/mnt/data/xj_dataset/【出原理图】N2604HBJ20732J合同/17000 公用测控柜,右侧,1-21CD,0.0
9,第三组_合同子项目,/mnt/data/xj_dataset/【出原理图】N2604HBJ20732J合同/17000 公用测控柜,右侧,1-21GD,0.0
9,第三组_合同子项目,/mnt/data/xj_dataset/【出原理图】N2604HBJ20732J合同/17000 公用测控柜,右侧,1-21ID,0.0
9,第三组_合同子项目,/mnt/data/xj_dataset/【出原理图】N2604HBJ20732J合同/17000 公用测控柜,右侧,1-21QD,0.0
9,第三组_合同子项目,/mnt/data/xj_dataset/【出原理图】N2604HBJ20732J合同/17000 公用测控柜,右侧,1-21UD,0.0
9,第三组_合同子项目,/mnt/data/xj_dataset/【出原理图】N2604HBJ20732J合同/17000 公用测控柜,右侧,1-21WD,0.0
9,第三组_合同子项目,/mnt/data/xj_dataset/【出原理图】N2604HBJ20732J合同/17000 公用测控柜,右侧,1-21YD,0.0
9,第三组_合同子项目,/mnt/data/xj_dataset/【出原理图】N2604HBJ20732J合同/17000 公用测控柜,右侧,TD,0.0
9,第三组_合同子项目,/mnt/data/xj_dataset/【出原理图】N2604HBJ20732J合同/17000 公用测控柜,右侧,BD,0.0
9,第三组_合同子项目,/mnt/data/xj_dataset/【出原理图】N2604HBJ20732J合同/17000 公用测控柜,右侧,JD,0.0
10,第三组_合同子项目,/mnt/data/xj_dataset/【出原理图】N2604HBJ20732J合同/18000 220kV线路测控柜,左侧,2-21C1D,0.0
10,第三组_合同子项目,/mnt/data/xj_dataset/【出原理图】N2604HBJ20732J合同/18000 220kV线路测控柜,左侧,2-21CD,0.0
10,第三组_合同子项目,/mnt/data/xj_dataset/【出原理图】N2604HBJ20732J合同/18000 220kV线路测控柜,左侧,2-21GD,0.0
10,第三组_合同子项目,/mnt/data/xj_dataset/【出原理图】N2604HBJ20732J合同/18000 220kV线路测控柜,左侧,2-21ID,0.0
10,第三组_合同子项目,/mnt/data/xj_dataset/【出原理图】N2604HBJ20732J合同/18000 220kV线路测控柜,左侧,2-21QD,0.0
10,第三组_合同子项目,/mnt/data/xj_dataset/【出原理图】N2604HBJ20732J合同/18000 220kV线路测控柜,左侧,2-21UD,0.0
10,第三组_合同子项目,/mnt/data/xj_dataset/【出原理图】N2604HBJ20732J合同/18000 220kV线路测控柜,左侧,2-21YD,0.0
10,第三组_合同子项目,/mnt/data/xj_dataset/【出原理图】N2604HBJ20732J合同/18000 220kV线路测控柜,左侧,ZD,0.0
10,第三组_合同子项目,/mnt/data/xj_dataset/【出原理图】N2604HBJ20732J合同/18000 220kV线路测控柜,右侧,1-21C1D,0.0
10,第三组_合同子项目,/mnt/data/xj_dataset/【出原理图】N2604HBJ20732J合同/18000 220kV线路测控柜,右侧,1-21CD,0.0
10,第三组_合同子项目,/mnt/data/xj_dataset/【出原理图】N2604HBJ20732J合同/18000 220kV线路测控柜,右侧,1-21GD,0.0
10,第三组_合同子项目,/mnt/data/xj_dataset/【出原理图】N2604HBJ20732J合同/18000 220kV线路测控柜,右侧,1-21ID,0.0
10,第三组_合同子项目,/mnt/data/xj_dataset/【出原理图】N2604HBJ20732J合同/18000 220kV线路测控柜,右侧,1-21QD,0.0
10,第三组_合同子项目,/mnt/data/xj_dataset/【出原理图】N2604HBJ20732J合同/18000 220kV线路测控柜,右侧,1-21UD,0.0
10,第三组_合同子项目,/mnt/data/xj_dataset/【出原理图】N2604HBJ20732J合同/18000 220kV线路测控柜,右侧,1-21YD,0.0
10,第三组_合同子项目,/mnt/data/xj_dataset/【出原理图】N2604HBJ20732J合同/18000 220kV线路测控柜,右侧,BD,0.0
10,第三组_合同子项目,/mnt/data/xj_dataset/【出原理图】N2604HBJ20732J合同/18000 220kV线路测控柜,右侧,JD,0.0
10,第三组_合同子项目,/mnt/data/xj_dataset/【出原理图】N2604HBJ20732J合同/18000 220kV线路测控柜,右侧,TD,0.0
11,第三组_合同子项目,/mnt/data/xj_dataset/【出原理图】N2604HBJ20732J合同/19000 220kV母联测控柜,左侧,2-21C1D,0.0
11,第三组_合同子项目,/mnt/data/xj_dataset/【出原理图】N2604HBJ20732J合同/19000 220kV母联测控柜,左侧,2-21CD,0.0
11,第三组_合同子项目,/mnt/data/xj_dataset/【出原理图】N2604HBJ20732J合同/19000 220kV母联测控柜,左侧,2-21GD,0.0
11,第三组_合同子项目,/mnt/data/xj_dataset/【出原理图】N2604HBJ20732J合同/19000 220kV母联测控柜,左侧,2-21ID,0.0
11,第三组_合同子项目,/mnt/data/xj_dataset/【出原理图】N2604HBJ20732J合同/19000 220kV母联测控柜,左侧,2-21QD,0.0
11,第三组_合同子项目,/mnt/data/xj_dataset/【出原理图】N2604HBJ20732J合同/19000 220kV母联测控柜,左侧,2-21UD,0.0
11,第三组_合同子项目,/mnt/data/xj_dataset/【出原理图】N2604HBJ20732J合同/19000 220kV母联测控柜,左侧,2-21YD,0.0
11,第三组_合同子项目,/mnt/data/xj_dataset/【出原理图】N2604HBJ20732J合同/19000 220kV母联测控柜,左侧,ZD,0.0
11,第三组_合同子项目,/mnt/data/xj_dataset/【出原理图】N2604HBJ20732J合同/19000 220kV母联测控柜,右侧,1-21C1D,0.0
11,第三组_合同子项目,/mnt/data/xj_dataset/【出原理图】N2604HBJ20732J合同/19000 220kV母联测控柜,右侧,1-21CD,0.0
11,第三组_合同子项目,/mnt/data/xj_dataset/【出原理图】N2604HBJ20732J合同/19000 220kV母联测控柜,右侧,1-21GD,0.0
11,第三组_合同子项目,/mnt/data/xj_dataset/【出原理图】N2604HBJ20732J合同/19000 220kV母联测控柜,右侧,1-21ID,0.0
11,第三组_合同子项目,/mnt/data/xj_dataset/【出原理图】N2604HBJ20732J合同/19000 220kV母联测控柜,右侧,1-21QD,0.0
11,第三组_合同子项目,/mnt/data/xj_dataset/【出原理图】N2604HBJ20732J合同/19000 220kV母联测控柜,右侧,1-21UD,0.0
11,第三组_合同子项目,/mnt/data/xj_dataset/【出原理图】N2604HBJ20732J合同/19000 220kV母联测控柜,右侧,1-21YD,0.0
11,第三组_合同子项目,/mnt/data/xj_dataset/【出原理图】N2604HBJ20732J合同/19000 220kV母联测控柜,右侧,BD,0.0
11,第三组_合同子项目,/mnt/data/xj_dataset/【出原理图】N2604HBJ20732J合同/19000 220kV母联测控柜,右侧,JD,0.0
11,第三组_合同子项目,/mnt/data/xj_dataset/【出原理图】N2604HBJ20732J合同/19000 220kV母联测控柜,右侧,TD,0.0
12,第三组_合同子项目,/mnt/data/xj_dataset/【出原理图】N2604HBJ20732J合同/20000 主变测控柜1,左侧,2-21C1D,0.0
12,第三组_合同子项目,/mnt/data/xj_dataset/【出原理图】N2604HBJ20732J合同/20000 主变测控柜1,左侧,2-21CD,0.0
12,第三组_合同子项目,/mnt/data/xj_dataset/【出原理图】N2604HBJ20732J合同/20000 主变测控柜1,左侧,2-21GD,0.0
12,第三组_合同子项目,/mnt/data/xj_dataset/【出原理图】N2604HBJ20732J合同/20000 主变测控柜1,左侧,2-21ID,0.0
12,第三组_合同子项目,/mnt/data/xj_dataset/【出原理图】N2604HBJ20732J合同/20000 主变测控柜1,左侧,2-21QD,0.0
12,第三组_合同子项目,/mnt/data/xj_dataset/【出原理图】N2604HBJ20732J合同/20000 主变测控柜1,左侧,2-21UD,0.0
12,第三组_合同子项目,/mnt/data/xj_dataset/【出原理图】N2604HBJ20732J合同/20000 主变测控柜1,左侧,4-21CD,0.0
12,第三组_合同子项目,/mnt/data/xj_dataset/【出原理图】N2604HBJ20732J合同/20000 主变测控柜1,左侧,4-21GD,0.0
12,第三组_合同子项目,/mnt/data/xj_dataset/【出原理图】N2604HBJ20732J合同/20000 主变测控柜1,左侧,4-21QD,0.0
12,第三组_合同子项目,/mnt/data/xj_dataset/【出原理图】N2604HBJ20732J合同/20000 主变测控柜1,左侧,4-21WD,0.0
12,第三组_合同子项目,/mnt/data/xj_dataset/【出原理图】N2604HBJ20732J合同/20000 主变测控柜1,左侧,HD,0.0
12,第三组_合同子项目,/mnt/data/xj_dataset/【出原理图】N2604HBJ20732J合同/20000 主变测控柜1,左侧,JD,0.0
12,第三组_合同子项目,/mnt/data/xj_dataset/【出原理图】N2604HBJ20732J合同/20000 主变测控柜1,左侧,TD,0.0
12,第三组_合同子项目,/mnt/data/xj_dataset/【出原理图】N2604HBJ20732J合同/20000 主变测控柜1,左侧,ZD,0.0
12,第三组_合同子项目,/mnt/data/xj_dataset/【出原理图】N2604HBJ20732J合同/20000 主变测控柜1,右侧,1-21C1D,0.0
12,第三组_合同子项目,/mnt/data/xj_dataset/【出原理图】N2604HBJ20732J合同/20000 主变测控柜1,右侧,1-21CD,0.0
12,第三组_合同子项目,/mnt/data/xj_dataset/【出原理图】N2604HBJ20732J合同/20000 主变测控柜1,右侧,1-21GD,0.0
12,第三组_合同子项目,/mnt/data/xj_dataset/【出原理图】N2604HBJ20732J合同/20000 主变测控柜1,右侧,1-21ID,0.0
12,第三组_合同子项目,/mnt/data/xj_dataset/【出原理图】N2604HBJ20732J合同/20000 主变测控柜1,右侧,1-21QD,0.0
12,第三组_合同子项目,/mnt/data/xj_dataset/【出原理图】N2604HBJ20732J合同/20000 主变测控柜1,右侧,1-21UD,0.0
12,第三组_合同子项目,/mnt/data/xj_dataset/【出原理图】N2604HBJ20732J合同/20000 主变测控柜1,右侧,3-21C1D,0.0
12,第三组_合同子项目,/mnt/data/xj_dataset/【出原理图】N2604HBJ20732J合同/20000 主变测控柜1,右侧,3-21CD,0.0
12,第三组_合同子项目,/mnt/data/xj_dataset/【出原理图】N2604HBJ20732J合同/20000 主变测控柜1,右侧,3-21GD,0.0
12,第三组_合同子项目,/mnt/data/xj_dataset/【出原理图】N2604HBJ20732J合同/20000 主变测控柜1,右侧,3-21ID,0.0
12,第三组_合同子项目,/mnt/data/xj_dataset/【出原理图】N2604HBJ20732J合同/20000 主变测控柜1,右侧,3-21QD,0.0
12,第三组_合同子项目,/mnt/data/xj_dataset/【出原理图】N2604HBJ20732J合同/20000 主变测控柜1,右侧,3-21UD,0.0
13,第三组_合同子项目,/mnt/data/xj_dataset/【出原理图】N2604HBJ20732J合同/21000 同步相量测量主机柜,左侧,ZD,0.0
13,第三组_合同子项目,/mnt/data/xj_dataset/【出原理图】N2604HBJ20732J合同/21000 同步相量测量主机柜,左侧,25YD,0.0
13,第三组_合同子项目,/mnt/data/xj_dataset/【出原理图】N2604HBJ20732J合同/21000 同步相量测量主机柜,左侧,40YD,0.0
13,第三组_合同子项目,/mnt/data/xj_dataset/【出原理图】N2604HBJ20732J合同/21000 同步相量测量主机柜,左侧,TD,0.0
13,第三组_合同子项目,/mnt/data/xj_dataset/【出原理图】N2604HBJ20732J合同/21000 同步相量测量主机柜,左侧,JD,0.0
13,第三组_合同子项目,/mnt/data/xj_dataset/【出原理图】N2604HBJ20732J合同/21000 同步相量测量主机柜,左侧,BD,0.0
14,第三组_合同子项目,/mnt/data/xj_dataset/【出原理图】N2604HBJ20732J合同/22000 1#同步相量测量柜,左侧,1-25GD,0.0
14,第三组_合同子项目,/mnt/data/xj_dataset/【出原理图】N2604HBJ20732J合同/22000 1#同步相量测量柜,左侧,1-25I1D,0.0
14,第三组_合同子项目,/mnt/data/xj_dataset/【出原理图】N2604HBJ20732J合同/22000 1#同步相量测量柜,左侧,1-25I2D,0.0
14,第三组_合同子项目,/mnt/data/xj_dataset/【出原理图】N2604HBJ20732J合同/22000 1#同步相量测量柜,左侧,1-25I3D,0.0
14,第三组_合同子项目,/mnt/data/xj_dataset/【出原理图】N2604HBJ20732J合同/22000 1#同步相量测量柜,左侧,1-25I4D,0.0
14,第三组_合同子项目,/mnt/data/xj_dataset/【出原理图】N2604HBJ20732J合同/22000 1#同步相量测量柜,左侧,1-25I5D,0.0
14,第三组_合同子项目,/mnt/data/xj_dataset/【出原理图】N2604HBJ20732J合同/22000 1#同步相量测量柜,左侧,1-25I6D,0.0
14,第三组_合同子项目,/mnt/data/xj_dataset/【出原理图】N2604HBJ20732J合同/22000 1#同步相量测量柜,左侧,1-25I7D,0.0
14,第三组_合同子项目,/mnt/data/xj_dataset/【出原理图】N2604HBJ20732J合同/22000 1#同步相量测量柜,左侧,1-25I8D,0.0
14,第三组_合同子项目,/mnt/data/xj_dataset/【出原理图】N2604HBJ20732J合同/22000 1#同步相量测量柜,左侧,1-25QD,0.0
14,第三组_合同子项目,/mnt/data/xj_dataset/【出原理图】N2604HBJ20732J合同/22000 1#同步相量测量柜,左侧,1-25U1D,0.0
14,第三组_合同子项目,/mnt/data/xj_dataset/【出原理图】N2604HBJ20732J合同/22000 1#同步相量测量柜,左侧,1-25U2D,0.0
14,第三组_合同子项目,/mnt/data/xj_dataset/【出原理图】N2604HBJ20732J合同/22000 1#同步相量测量柜,左侧,1-25U3D,0.0
14,第三组_合同子项目,/mnt/data/xj_dataset/【出原理图】N2604HBJ20732J合同/22000 1#同步相量测量柜,左侧,1-25U4D,0.0
14,第三组_合同子项目,/mnt/data/xj_dataset/【出原理图】N2604HBJ20732J合同/22000 1#同步相量测量柜,左侧,1-25U5D,0.0
14,第三组_合同子项目,/mnt/data/xj_dataset/【出原理图】N2604HBJ20732J合同/22000 1#同步相量测量柜,左侧,1-25U6D,0.0
14,第三组_合同子项目,/mnt/data/xj_dataset/【出原理图】N2604HBJ20732J合同/22000 1#同步相量测量柜,左侧,1-25U7D,0.0
14,第三组_合同子项目,/mnt/data/xj_dataset/【出原理图】N2604HBJ20732J合同/22000 1#同步相量测量柜,左侧,1-25U8D,0.0
14,第三组_合同子项目,/mnt/data/xj_dataset/【出原理图】N2604HBJ20732J合同/22000 1#同步相量测量柜,左侧,1-25YD,0.0
14,第三组_合同子项目,/mnt/data/xj_dataset/【出原理图】N2604HBJ20732J合同/22000 1#同步相量测量柜,左侧,1-25ZLD,0.0
14,第三组_合同子项目,/mnt/data/xj_dataset/【出原理图】N2604HBJ20732J合同/22000 1#同步相量测量柜,左侧,ZD,0.0
14,第三组_合同子项目,/mnt/data/xj_dataset/【出原理图】N2604HBJ20732J合同/22000 1#同步相量测量柜,右侧,2-25GD,0.0
14,第三组_合同子项目,/mnt/data/xj_dataset/【出原理图】N2604HBJ20732J合同/22000 1#同步相量测量柜,右侧,2-25I1D,0.0
14,第三组_合同子项目,/mnt/data/xj_dataset/【出原理图】N2604HBJ20732J合同/22000 1#同步相量测量柜,右侧,2-25I2D,0.0
14,第三组_合同子项目,/mnt/data/xj_dataset/【出原理图】N2604HBJ20732J合同/22000 1#同步相量测量柜,右侧,2-25I3D,0.0
14,第三组_合同子项目,/mnt/data/xj_dataset/【出原理图】N2604HBJ20732J合同/22000 1#同步相量测量柜,右侧,2-25I4D,0.0
14,第三组_合同子项目,/mnt/data/xj_dataset/【出原理图】N2604HBJ20732J合同/22000 1#同步相量测量柜,右侧,2-25I5D,0.0
14,第三组_合同子项目,/mnt/data/xj_dataset/【出原理图】N2604HBJ20732J合同/22000 1#同步相量测量柜,右侧,2-25I6D,0.0
14,第三组_合同子项目,/mnt/data/xj_dataset/【出原理图】N2604HBJ20732J合同/22000 1#同步相量测量柜,右侧,2-25I7D,0.0
14,第三组_合同子项目,/mnt/data/xj_dataset/【出原理图】N2604HBJ20732J合同/22000 1#同步相量测量柜,右侧,2-25I8D,0.0
14,第三组_合同子项目,/mnt/data/xj_dataset/【出原理图】N2604HBJ20732J合同/22000 1#同步相量测量柜,右侧,2-25QD,0.0
14,第三组_合同子项目,/mnt/data/xj_dataset/【出原理图】N2604HBJ20732J合同/22000 1#同步相量测量柜,右侧,2-25U1D,0.0
14,第三组_合同子项目,/mnt/data/xj_dataset/【出原理图】N2604HBJ20732J合同/22000 1#同步相量测量柜,右侧,2-25U2D,0.0
14,第三组_合同子项目,/mnt/data/xj_dataset/【出原理图】N2604HBJ20732J合同/22000 1#同步相量测量柜,右侧,2-25U3D,0.0
14,第三组_合同子项目,/mnt/data/xj_dataset/【出原理图】N2604HBJ20732J合同/22000 1#同步相量测量柜,右侧,2-25U4D,0.0
14,第三组_合同子项目,/mnt/data/xj_dataset/【出原理图】N2604HBJ20732J合同/22000 1#同步相量测量柜,右侧,2-25U5D,0.0
14,第三组_合同子项目,/mnt/data/xj_dataset/【出原理图】N2604HBJ20732J合同/22000 1#同步相量测量柜,右侧,2-25U6D,0.0
14,第三组_合同子项目,/mnt/data/xj_dataset/【出原理图】N2604HBJ20732J合同/22000 1#同步相量测量柜,右侧,2-25U7D,0.0
14,第三组_合同子项目,/mnt/data/xj_dataset/【出原理图】N2604HBJ20732J合同/22000 1#同步相量测量柜,右侧,2-25U8D,0.0
14,第三组_合同子项目,/mnt/data/xj_dataset/【出原理图】N2604HBJ20732J合同/22000 1#同步相量测量柜,右侧,2-25YD,0.0
14,第三组_合同子项目,/mnt/data/xj_dataset/【出原理图】N2604HBJ20732J合同/22000 1#同步相量测量柜,右侧,2-25ZLD,0.0
14,第三组_合同子项目,/mnt/data/xj_dataset/【出原理图】N2604HBJ20732J合同/22000 1#同步相量测量柜,右侧,JD,0.0
14,第三组_合同子项目,/mnt/data/xj_dataset/【出原理图】N2604HBJ20732J合同/22000 1#同步相量测量柜,右侧,TD,0.0
15,第三组_合同子项目,/mnt/data/xj_dataset/【出原理图】N2604HBJ20732J合同/23000 主变保护A柜,左侧,1-4C1D,0.0
15,第三组_合同子项目,/mnt/data/xj_dataset/【出原理图】N2604HBJ20732J合同/23000 主变保护A柜,左侧,1-4C2D,0.0
15,第三组_合同子项目,/mnt/data/xj_dataset/【出原理图】N2604HBJ20732J合同/23000 主变保护A柜,左侧,1-4LD,0.0
15,第三组_合同子项目,/mnt/data/xj_dataset/【出原理图】N2604HBJ20732J合同/23000 主变保护A柜,左侧,1-4PD,0.0
15,第三组_合同子项目,/mnt/data/xj_dataset/【出原理图】N2604HBJ20732J合同/23000 主变保护A柜,左侧,1-4Q1D,0.0
15,第三组_合同子项目,/mnt/data/xj_dataset/【出原理图】N2604HBJ20732J合同/23000 主变保护A柜,左侧,1-4Q2D,0.0
15,第三组_合同子项目,/mnt/data/xj_dataset/【出原理图】N2604HBJ20732J合同/23000 主变保护A柜,左侧,1-4XD,0.0
15,第三组_合同子项目,/mnt/data/xj_dataset/【出原理图】N2604HBJ20732J合同/23000 主变保护A柜,左侧,5CD,0.0
15,第三组_合同子项目,/mnt/data/xj_dataset/【出原理图】N2604HBJ20732J合同/23000 主变保护A柜,左侧,5FD,0.0
15,第三组_合同子项目,/mnt/data/xj_dataset/【出原理图】N2604HBJ20732J合同/23000 主变保护A柜,左侧,5KD,0.0
15,第三组_合同子项目,/mnt/data/xj_dataset/【出原理图】N2604HBJ20732J合同/23000 主变保护A柜,左侧,5QD,0.0
15,第三组_合同子项目,/mnt/data/xj_dataset/【出原理图】N2604HBJ20732J合同/23000 主变保护A柜,左侧,5XD,0.0
15,第三组_合同子项目,/mnt/data/xj_dataset/【出原理图】N2604HBJ20732J合同/23000 主变保护A柜,左侧,5YD,0.0
15,第三组_合同子项目,/mnt/data/xj_dataset/【出原理图】N2604HBJ20732J合同/23000 主变保护A柜,左侧,ZD,0.0
15,第三组_合同子项目,/mnt/data/xj_dataset/【出原理图】N2604HBJ20732J合同/23000 主变保护A柜,右侧,1CD,0.0
15,第三组_合同子项目,/mnt/data/xj_dataset/【出原理图】N2604HBJ20732J合同/23000 主变保护A柜,右侧,1I1D,0.0
15,第三组_合同子项目,/mnt/data/xj_dataset/【出原理图】N2604HBJ20732J合同/23000 主变保护A柜,右侧,1I3D,0.0
15,第三组_合同子项目,/mnt/data/xj_dataset/【出原理图】N2604HBJ20732J合同/23000 主变保护A柜,右侧,1KD,0.0
15,第三组_合同子项目,/mnt/data/xj_dataset/【出原理图】N2604HBJ20732J合同/23000 主变保护A柜,右侧,1LD,0.0
15,第三组_合同子项目,/mnt/data/xj_dataset/【出原理图】N2604HBJ20732J合同/23000 主变保护A柜,右侧,1QD,0.0
15,第三组_合同子项目,/mnt/data/xj_dataset/【出原理图】N2604HBJ20732J合同/23000 主变保护A柜,右侧,1U1D,0.0
15,第三组_合同子项目,/mnt/data/xj_dataset/【出原理图】N2604HBJ20732J合同/23000 主变保护A柜,右侧,1U3D,0.0
15,第三组_合同子项目,/mnt/data/xj_dataset/【出原理图】N2604HBJ20732J合同/23000 主变保护A柜,右侧,1XD,0.0
15,第三组_合同子项目,/mnt/data/xj_dataset/【出原理图】N2604HBJ20732J合同/23000 主变保护A柜,右侧,1YD,0.0
15,第三组_合同子项目,/mnt/data/xj_dataset/【出原理图】N2604HBJ20732J合同/23000 主变保护A柜,右侧,5LD,0.0
15,第三组_合同子项目,/mnt/data/xj_dataset/【出原理图】N2604HBJ20732J合同/23000 主变保护A柜,右侧,BD,0.0
15,第三组_合同子项目,/mnt/data/xj_dataset/【出原理图】N2604HBJ20732J合同/23000 主变保护A柜,右侧,JD,0.0
15,第三组_合同子项目,/mnt/data/xj_dataset/【出原理图】N2604HBJ20732J合同/23000 主变保护A柜,右侧,TD,0.0
15,第三组_合同子项目,/mnt/data/xj_dataset/【出原理图】N2604HBJ20732J合同/23000 主变保护A柜,右侧,U1D,0.0
15,第三组_合同子项目,/mnt/data/xj_dataset/【出原理图】N2604HBJ20732J合同/23000 主变保护A柜,右侧,U3D,0.0
16,第三组_合同子项目,/mnt/data/xj_dataset/【出原理图】N2604HBJ20732J合同/24000 220kV母线保护A柜,左侧,1C13D,0.0
16,第三组_合同子项目,/mnt/data/xj_dataset/【出原理图】N2604HBJ20732J合同/24000 220kV母线保护A柜,左侧,1C14D,0.0
16,第三组_合同子项目,/mnt/data/xj_dataset/【出原理图】N2604HBJ20732J合同/24000 220kV母线保护A柜,左侧,1C15D,0.0
16,第三组_合同子项目,/mnt/data/xj_dataset/【出原理图】N2604HBJ20732J合同/24000 220kV母线保护A柜,左侧,1C16D,0.0
16,第三组_合同子项目,/mnt/data/xj_dataset/【出原理图】N2604HBJ20732J合同/24000 220kV母线保护A柜,左侧,1C17D,0.0
16,第三组_合同子项目,/mnt/data/xj_dataset/【出原理图】N2604HBJ20732J合同/24000 220kV母线保护A柜,左侧,1C18D,0.0
16,第三组_合同子项目,/mnt/data/xj_dataset/【出原理图】N2604HBJ20732J合同/24000 220kV母线保护A柜,左侧,1C1D,0.0
16,第三组_合同子项目,/mnt/data/xj_dataset/【出原理图】N2604HBJ20732J合同/24000 220kV母线保护A柜,左侧,1C2D,0.0
16,第三组_合同子项目,/mnt/data/xj_dataset/【出原理图】N2604HBJ20732J合同/24000 220kV母线保护A柜,左侧,1C3D,0.0
16,第三组_合同子项目,/mnt/data/xj_dataset/【出原理图】N2604HBJ20732J合同/24000 220kV母线保护A柜,左侧,1C4D,0.0
16,第三组_合同子项目,/mnt/data/xj_dataset/【出原理图】N2604HBJ20732J合同/24000 220kV母线保护A柜,左侧,1C5D,0.0
16,第三组_合同子项目,/mnt/data/xj_dataset/【出原理图】N2604HBJ20732J合同/24000 220kV母线保护A柜,左侧,1C6D,0.0
16,第三组_合同子项目,/mnt/data/xj_dataset/【出原理图】N2604HBJ20732J合同/24000 220kV母线保护A柜,左侧,1C7D,0.0
16,第三组_合同子项目,/mnt/data/xj_dataset/【出原理图】N2604HBJ20732J合同/24000 220kV母线保护A柜,左侧,1C8D,0.0
16,第三组_合同子项目,/mnt/data/xj_dataset/【出原理图】N2604HBJ20732J合同/24000 220kV母线保护A柜,左侧,1QD,0.0
16,第三组_合同子项目,/mnt/data/xj_dataset/【出原理图】N2604HBJ20732J合同/24000 220kV母线保护A柜,左侧,1S14D,0.0
16,第三组_合同子项目,/mnt/data/xj_dataset/【出原理图】N2604HBJ20732J合同/24000 220kV母线保护A柜,左侧,1S15D,0.0
16,第三组_合同子项目,/mnt/data/xj_dataset/【出原理图】N2604HBJ20732J合同/24000 220kV母线保护A柜,左侧,1S2D,0.0
16,第三组_合同子项目,/mnt/data/xj_dataset/【出原理图】N2604HBJ20732J合同/24000 220kV母线保护A柜,左侧,1S3D,0.0
16,第三组_合同子项目,/mnt/data/xj_dataset/【出原理图】N2604HBJ20732J合同/24000 220kV母线保护A柜,左侧,ZD,0.0
16,第三组_合同子项目,/mnt/data/xj_dataset/【出原理图】N2604HBJ20732J合同/24000 220kV母线保护A柜,右侧,1I13D,0.0
16,第三组_合同子项目,/mnt/data/xj_dataset/【出原理图】N2604HBJ20732J合同/24000 220kV母线保护A柜,右侧,1I14D,0.0
16,第三组_合同子项目,/mnt/data/xj_dataset/【出原理图】N2604HBJ20732J合同/24000 220kV母线保护A柜,右侧,1I15D,0.0
16,第三组_合同子项目,/mnt/data/xj_dataset/【出原理图】N2604HBJ20732J合同/24000 220kV母线保护A柜,右侧,1I16D,0.0
16,第三组_合同子项目,/mnt/data/xj_dataset/【出原理图】N2604HBJ20732J合同/24000 220kV母线保护A柜,右侧,1I17D,0.0
16,第三组_合同子项目,/mnt/data/xj_dataset/【出原理图】N2604HBJ20732J合同/24000 220kV母线保护A柜,右侧,1I18D,0.0
16,第三组_合同子项目,/mnt/data/xj_dataset/【出原理图】N2604HBJ20732J合同/24000 220kV母线保护A柜,右侧,1I1D,0.0
16,第三组_合同子项目,/mnt/data/xj_dataset/【出原理图】N2604HBJ20732J合同/24000 220kV母线保护A柜,右侧,1I2D,0.0
16,第三组_合同子项目,/mnt/data/xj_dataset/【出原理图】N2604HBJ20732J合同/24000 220kV母线保护A柜,右侧,1I3D,0.0
16,第三组_合同子项目,/mnt/data/xj_dataset/【出原理图】N2604HBJ20732J合同/24000 220kV母线保护A柜,右侧,1I4D,0.0
16,第三组_合同子项目,/mnt/data/xj_dataset/【出原理图】N2604HBJ20732J合同/24000 220kV母线保护A柜,右侧,1I5D,0.0
16,第三组_合同子项目,/mnt/data/xj_dataset/【出原理图】N2604HBJ20732J合同/24000 220kV母线保护A柜,右侧,1I6D,0.0
16,第三组_合同子项目,/mnt/data/xj_dataset/【出原理图】N2604HBJ20732J合同/24000 220kV母线保护A柜,右侧,1I7D,0.0
16,第三组_合同子项目,/mnt/data/xj_dataset/【出原理图】N2604HBJ20732J合同/24000 220kV母线保护A柜,右侧,1I8D,0.0
16,第三组_合同子项目,/mnt/data/xj_dataset/【出原理图】N2604HBJ20732J合同/24000 220kV母线保护A柜,右侧,1LD,0.0
16,第三组_合同子项目,/mnt/data/xj_dataset/【出原理图】N2604HBJ20732J合同/24000 220kV母线保护A柜,右侧,1PD,0.0
16,第三组_合同子项目,/mnt/data/xj_dataset/【出原理图】N2604HBJ20732J合同/24000 220kV母线保护A柜,右侧,1UD,0.0
16,第三组_合同子项目,/mnt/data/xj_dataset/【出原理图】N2604HBJ20732J合同/24000 220kV母线保护A柜,右侧,1XD,0.0
16,第三组_合同子项目,/mnt/data/xj_dataset/【出原理图】N2604HBJ20732J合同/24000 220kV母线保护A柜,右侧,1YD,0.0
16,第三组_合同子项目,/mnt/data/xj_dataset/【出原理图】N2604HBJ20732J合同/24000 220kV母线保护A柜,右侧,BD,0.0
16,第三组_合同子项目,/mnt/data/xj_dataset/【出原理图】N2604HBJ20732J合同/24000 220kV母线保护A柜,右侧,JD,0.0
16,第三组_合同子项目,/mnt/data/xj_dataset/【出原理图】N2604HBJ20732J合同/24000 220kV母线保护A柜,右侧,TD,0.0
16,第三组_合同子项目,/mnt/data/xj_dataset/【出原理图】N2604HBJ20732J合同/24000 220kV母线保护A柜,右侧,UD,0.0
17,第三组_合同子项目,"/mnt/data/xj_dataset/【出原理图】N2604HBJ20732J合同/25000,03600 35kV母线保护AB柜",左侧,1C10D,0.0
17,第三组_合同子项目,"/mnt/data/xj_dataset/【出原理图】N2604HBJ20732J合同/25000,03600 35kV母线保护AB柜",左侧,1C11D,0.0
17,第三组_合同子项目,"/mnt/data/xj_dataset/【出原理图】N2604HBJ20732J合同/25000,03600 35kV母线保护AB柜",左侧,1C12D,0.0
17,第三组_合同子项目,"/mnt/data/xj_dataset/【出原理图】N2604HBJ20732J合同/25000,03600 35kV母线保护AB柜",左侧,1C13D,0.0
17,第三组_合同子项目,"/mnt/data/xj_dataset/【出原理图】N2604HBJ20732J合同/25000,03600 35kV母线保护AB柜",左侧,1C14D,0.0
17,第三组_合同子项目,"/mnt/data/xj_dataset/【出原理图】N2604HBJ20732J合同/25000,03600 35kV母线保护AB柜",左侧,1C15D,0.0
17,第三组_合同子项目,"/mnt/data/xj_dataset/【出原理图】N2604HBJ20732J合同/25000,03600 35kV母线保护AB柜",左侧,1C16D,0.0
17,第三组_合同子项目,"/mnt/data/xj_dataset/【出原理图】N2604HBJ20732J合同/25000,03600 35kV母线保护AB柜",左侧,1C17D,0.0
17,第三组_合同子项目,"/mnt/data/xj_dataset/【出原理图】N2604HBJ20732J合同/25000,03600 35kV母线保护AB柜",左侧,1C18D,0.0
17,第三组_合同子项目,"/mnt/data/xj_dataset/【出原理图】N2604HBJ20732J合同/25000,03600 35kV母线保护AB柜",左侧,1C19D,0.0
17,第三组_合同子项目,"/mnt/data/xj_dataset/【出原理图】N2604HBJ20732J合同/25000,03600 35kV母线保护AB柜",左侧,1C20D,0.0
17,第三组_合同子项目,"/mnt/data/xj_dataset/【出原理图】N2604HBJ20732J合同/25000,03600 35kV母线保护AB柜",左侧,1C21D,0.0
17,第三组_合同子项目,"/mnt/data/xj_dataset/【出原理图】N2604HBJ20732J合同/25000,03600 35kV母线保护AB柜",左侧,1C22D,0.0
17,第三组_合同子项目,"/mnt/data/xj_dataset/【出原理图】N2604HBJ20732J合同/25000,03600 35kV母线保护AB柜",左侧,1C23D,0.0
17,第三组_合同子项目,"/mnt/data/xj_dataset/【出原理图】N2604HBJ20732J合同/25000,03600 35kV母线保护AB柜",左侧,1C24D,0.0
17,第三组_合同子项目,"/mnt/data/xj_dataset/【出原理图】N2604HBJ20732J合同/25000,03600 35kV母线保护AB柜",左侧,1C2D,0.0
17,第三组_合同子项目,"/mnt/data/xj_dataset/【出原理图】N2604HBJ20732J合同/25000,03600 35kV母线保护AB柜",左侧,1C3D,0.0
17,第三组_合同子项目,"/mnt/data/xj_dataset/【出原理图】N2604HBJ20732J合同/25000,03600 35kV母线保护AB柜",左侧,1C4D,0.0
17,第三组_合同子项目,"/mnt/data/xj_dataset/【出原理图】N2604HBJ20732J合同/25000,03600 35kV母线保护AB柜",左侧,1C5D,0.0
17,第三组_合同子项目,"/mnt/data/xj_dataset/【出原理图】N2604HBJ20732J合同/25000,03600 35kV母线保护AB柜",左侧,1C6D,0.0
17,第三组_合同子项目,"/mnt/data/xj_dataset/【出原理图】N2604HBJ20732J合同/25000,03600 35kV母线保护AB柜",左侧,1C7D,0.0
17,第三组_合同子项目,"/mnt/data/xj_dataset/【出原理图】N2604HBJ20732J合同/25000,03600 35kV母线保护AB柜",左侧,1C8D,0.0
17,第三组_合同子项目,"/mnt/data/xj_dataset/【出原理图】N2604HBJ20732J合同/25000,03600 35kV母线保护AB柜",左侧,1C9D,0.0
17,第三组_合同子项目,"/mnt/data/xj_dataset/【出原理图】N2604HBJ20732J合同/25000,03600 35kV母线保护AB柜",左侧,1LD,0.0
17,第三组_合同子项目,"/mnt/data/xj_dataset/【出原理图】N2604HBJ20732J合同/25000,03600 35kV母线保护AB柜",左侧,1PD,0.0
17,第三组_合同子项目,"/mnt/data/xj_dataset/【出原理图】N2604HBJ20732J合同/25000,03600 35kV母线保护AB柜",左侧,1QD,0.0
17,第三组_合同子项目,"/mnt/data/xj_dataset/【出原理图】N2604HBJ20732J合同/25000,03600 35kV母线保护AB柜",左侧,1XD,0.0
17,第三组_合同子项目,"/mnt/data/xj_dataset/【出原理图】N2604HBJ20732J合同/25000,03600 35kV母线保护AB柜",左侧,1YD,0.0
17,第三组_合同子项目,"/mnt/data/xj_dataset/【出原理图】N2604HBJ20732J合同/25000,03600 35kV母线保护AB柜",左侧,BD,0.0
17,第三组_合同子项目,"/mnt/data/xj_dataset/【出原理图】N2604HBJ20732J合同/25000,03600 35kV母线保护AB柜",左侧,JD,0.0
17,第三组_合同子项目,"/mnt/data/xj_dataset/【出原理图】N2604HBJ20732J合同/25000,03600 35kV母线保护AB柜",左侧,TD,0.0
17,第三组_合同子项目,"/mnt/data/xj_dataset/【出原理图】N2604HBJ20732J合同/25000,03600 35kV母线保护AB柜",左侧,ZD,0.0
17,第三组_合同子项目,"/mnt/data/xj_dataset/【出原理图】N2604HBJ20732J合同/25000,03600 35kV母线保护AB柜",右侧,1I10D,0.0
17,第三组_合同子项目,"/mnt/data/xj_dataset/【出原理图】N2604HBJ20732J合同/25000,03600 35kV母线保护AB柜",右侧,1I11D,0.0
17,第三组_合同子项目,"/mnt/data/xj_dataset/【出原理图】N2604HBJ20732J合同/25000,03600 35kV母线保护AB柜",右侧,1I12D,0.0
17,第三组_合同子项目,"/mnt/data/xj_dataset/【出原理图】N2604HBJ20732J合同/25000,03600 35kV母线保护AB柜",右侧,1I13D,0.0
17,第三组_合同子项目,"/mnt/data/xj_dataset/【出原理图】N2604HBJ20732J合同/25000,03600 35kV母线保护AB柜",右侧,1I14D,0.0
17,第三组_合同子项目,"/mnt/data/xj_dataset/【出原理图】N2604HBJ20732J合同/25000,03600 35kV母线保护AB柜",右侧,1I15D,0.0
17,第三组_合同子项目,"/mnt/data/xj_dataset/【出原理图】N2604HBJ20732J合同/25000,03600 35kV母线保护AB柜",右侧,1I16D,0.0
17,第三组_合同子项目,"/mnt/data/xj_dataset/【出原理图】N2604HBJ20732J合同/25000,03600 35kV母线保护AB柜",右侧,1I17D,0.0
17,第三组_合同子项目,"/mnt/data/xj_dataset/【出原理图】N2604HBJ20732J合同/25000,03600 35kV母线保护AB柜",右侧,1I18D,0.0
17,第三组_合同子项目,"/mnt/data/xj_dataset/【出原理图】N2604HBJ20732J合同/25000,03600 35kV母线保护AB柜",右侧,1I19D,0.0
17,第三组_合同子项目,"/mnt/data/xj_dataset/【出原理图】N2604HBJ20732J合同/25000,03600 35kV母线保护AB柜",右侧,1I20D,0.0
17,第三组_合同子项目,"/mnt/data/xj_dataset/【出原理图】N2604HBJ20732J合同/25000,03600 35kV母线保护AB柜",右侧,1I21D,0.0
17,第三组_合同子项目,"/mnt/data/xj_dataset/【出原理图】N2604HBJ20732J合同/25000,03600 35kV母线保护AB柜",右侧,1I22D,0.0
17,第三组_合同子项目,"/mnt/data/xj_dataset/【出原理图】N2604HBJ20732J合同/25000,03600 35kV母线保护AB柜",右侧,1I23D,0.0
17,第三组_合同子项目,"/mnt/data/xj_dataset/【出原理图】N2604HBJ20732J合同/25000,03600 35kV母线保护AB柜",右侧,1I24D,0.0
17,第三组_合同子项目,"/mnt/data/xj_dataset/【出原理图】N2604HBJ20732J合同/25000,03600 35kV母线保护AB柜",右侧,1I2D,0.0
17,第三组_合同子项目,"/mnt/data/xj_dataset/【出原理图】N2604HBJ20732J合同/25000,03600 35kV母线保护AB柜",右侧,1I3D,0.0
17,第三组_合同子项目,"/mnt/data/xj_dataset/【出原理图】N2604HBJ20732J合同/25000,03600 35kV母线保护AB柜",右侧,1I4D,0.0
17,第三组_合同子项目,"/mnt/data/xj_dataset/【出原理图】N2604HBJ20732J合同/25000,03600 35kV母线保护AB柜",右侧,1I5D,0.0
17,第三组_合同子项目,"/mnt/data/xj_dataset/【出原理图】N2604HBJ20732J合同/25000,03600 35kV母线保护AB柜",右侧,1I6D,0.0
17,第三组_合同子项目,"/mnt/data/xj_dataset/【出原理图】N2604HBJ20732J合同/25000,03600 35kV母线保护AB柜",右侧,1I7D,0.0
17,第三组_合同子项目,"/mnt/data/xj_dataset/【出原理图】N2604HBJ20732J合同/25000,03600 35kV母线保护AB柜",右侧,1I8D,0.0
17,第三组_合同子项目,"/mnt/data/xj_dataset/【出原理图】N2604HBJ20732J合同/25000,03600 35kV母线保护AB柜",右侧,1I9D,0.0
17,第三组_合同子项目,"/mnt/data/xj_dataset/【出原理图】N2604HBJ20732J合同/25000,03600 35kV母线保护AB柜",右侧,1UD,0.0
17,第三组_合同子项目,"/mnt/data/xj_dataset/【出原理图】N2604HBJ20732J合同/25000,03600 35kV母线保护AB柜",右侧,UD,0.0
18,第三组_合同子项目,/mnt/data/xj_dataset/【出原理图】N2604HBJ20732J合同/26000 220kV母联保护柜,左侧,4C1D,0.0
18,第三组_合同子项目,/mnt/data/xj_dataset/【出原理图】N2604HBJ20732J合同/26000 220kV母联保护柜,左侧,4C2D,0.0
18,第三组_合同子项目,/mnt/data/xj_dataset/【出原理图】N2604HBJ20732J合同/26000 220kV母联保护柜,左侧,4LD,0.0
18,第三组_合同子项目,/mnt/data/xj_dataset/【出原理图】N2604HBJ20732J合同/26000 220kV母联保护柜,左侧,4PD,0.0
18,第三组_合同子项目,/mnt/data/xj_dataset/【出原理图】N2604HBJ20732J合同/26000 220kV母联保护柜,左侧,4Q1D,0.0
18,第三组_合同子项目,/mnt/data/xj_dataset/【出原理图】N2604HBJ20732J合同/26000 220kV母联保护柜,左侧,4Q2D,0.0
18,第三组_合同子项目,/mnt/data/xj_dataset/【出原理图】N2604HBJ20732J合同/26000 220kV母联保护柜,左侧,4YD,0.0
18,第三组_合同子项目,/mnt/data/xj_dataset/【出原理图】N2604HBJ20732J合同/26000 220kV母联保护柜,左侧,ZD,0.0
18,第三组_合同子项目,/mnt/data/xj_dataset/【出原理图】N2604HBJ20732J合同/26000 220kV母联保护柜,右侧,8CD,0.0
18,第三组_合同子项目,/mnt/data/xj_dataset/【出原理图】N2604HBJ20732J合同/26000 220kV母联保护柜,右侧,8ID,0.0
18,第三组_合同子项目,/mnt/data/xj_dataset/【出原理图】N2604HBJ20732J合同/26000 220kV母联保护柜,右侧,8KD,0.0
18,第三组_合同子项目,/mnt/data/xj_dataset/【出原理图】N2604HBJ20732J合同/26000 220kV母联保护柜,右侧,8LD,0.0
18,第三组_合同子项目,/mnt/data/xj_dataset/【出原理图】N2604HBJ20732J合同/26000 220kV母联保护柜,右侧,8QD,0.0
18,第三组_合同子项目,/mnt/data/xj_dataset/【出原理图】N2604HBJ20732J合同/26000 220kV母联保护柜,右侧,8XD,0.0
18,第三组_合同子项目,/mnt/data/xj_dataset/【出原理图】N2604HBJ20732J合同/26000 220kV母联保护柜,右侧,8YD,0.0
18,第三组_合同子项目,/mnt/data/xj_dataset/【出原理图】N2604HBJ20732J合同/26000 220kV母联保护柜,右侧,TD,0.0
18,第三组_合同子项目,/mnt/data/xj_dataset/【出原理图】N2604HBJ20732J合同/26000 220kV母联保护柜,右侧,BD,0.0
18,第三组_合同子项目,/mnt/data/xj_dataset/【出原理图】N2604HBJ20732J合同/26000 220kV母联保护柜,右侧,JD,0.0
19,第三组_合同子项目,/mnt/data/xj_dataset/【出原理图】N2604HBJ20732J合同/27000 防孤岛柜,左侧,ZD,43.4
19,第三组_合同子项目,/mnt/data/xj_dataset/【出原理图】N2604HBJ20732J合同/27000 防孤岛柜,左侧,2-1UD,137.4
19,第三组_合同子项目,/mnt/data/xj_dataset/【出原理图】N2604HBJ20732J合同/27000 防孤岛柜,左侧,2-1ID,63.6
19,第三组_合同子项目,/mnt/data/xj_dataset/【出原理图】N2604HBJ20732J合同/27000 防孤岛柜,左侧,2-1Q1D,93.0
19,第三组_合同子项目,/mnt/data/xj_dataset/【出原理图】N2604HBJ20732J合同/27000 防孤岛柜,左侧,2-1CD,43.4
19,第三组_合同子项目,/mnt/data/xj_dataset/【出原理图】N2604HBJ20732J合同/27000 防孤岛柜,左侧,2-1KD,43.4
19,第三组_合同子项目,/mnt/data/xj_dataset/【出原理图】N2604HBJ20732J合同/27000 防孤岛柜,左侧,1YD,74.4
19,第三组_合同子项目,/mnt/data/xj_dataset/【出原理图】N2604HBJ20732J合同/27000 防孤岛柜,右侧,1-1UD,137.4
19,第三组_合同子项目,/mnt/data/xj_dataset/【出原理图】N2604HBJ20732J合同/27000 防孤岛柜,右侧,1-1ID,63.6
19,第三组_合同子项目,/mnt/data/xj_dataset/【出原理图】N2604HBJ20732J合同/27000 防孤岛柜,右侧,1-1Q1D,93.0
19,第三组_合同子项目,/mnt/data/xj_dataset/【出原理图】N2604HBJ20732J合同/27000 防孤岛柜,右侧,1-1CD,43.4
19,第三组_合同子项目,/mnt/data/xj_dataset/【出原理图】N2604HBJ20732J合同/27000 防孤岛柜,右侧,1-1KD,43.4
19,第三组_合同子项目,/mnt/data/xj_dataset/【出原理图】N2604HBJ20732J合同/27000 防孤岛柜,右侧,TD,62.0
19,第三组_合同子项目,/mnt/data/xj_dataset/【出原理图】N2604HBJ20732J合同/27000 防孤岛柜,右侧,JD,43.4
19,第三组_合同子项目,/mnt/data/xj_dataset/【出原理图】N2604HBJ20732J合同/27000 防孤岛柜,右侧,BD,68.2
20,第三组_合同子项目,/mnt/data/xj_dataset/【出原理图】N2604HBJ20732J合同/28000 电能质量在线监测柜,左侧,57ID,0.0
20,第三组_合同子项目,/mnt/data/xj_dataset/【出原理图】N2604HBJ20732J合同/28000 电能质量在线监测柜,左侧,57UD,0.0
20,第三组_合同子项目,/mnt/data/xj_dataset/【出原理图】N2604HBJ20732J合同/28000 电能质量在线监测柜,左侧,57YD,0.0
20,第三组_合同子项目,/mnt/data/xj_dataset/【出原理图】N2604HBJ20732J合同/28000 电能质量在线监测柜,左侧,TD,0.0
20,第三组_合同子项目,/mnt/data/xj_dataset/【出原理图】N2604HBJ20732J合同/28000 电能质量在线监测柜,左侧,ZD,0.0
20,第三组_合同子项目,/mnt/data/xj_dataset/【出原理图】N2604HBJ20732J合同/28000 电能质量在线监测柜,左侧,BD,0.0
20,第三组_合同子项目,/mnt/data/xj_dataset/【出原理图】N2604HBJ20732J合同/28000 电能质量在线监测柜,左侧,JD,0.0
20,第三组_合同子项目,/mnt/data/xj_dataset/【出原理图】N2604HBJ20732J合同/28000 电能质量在线监测柜,右侧,1-21CD,0.0
20,第三组_合同子项目,/mnt/data/xj_dataset/【出原理图】N2604HBJ20732J合同/28000 电能质量在线监测柜,右侧,1-21GD,0.0
20,第三组_合同子项目,/mnt/data/xj_dataset/【出原理图】N2604HBJ20732J合同/28000 电能质量在线监测柜,右侧,1-21ID,0.0
20,第三组_合同子项目,/mnt/data/xj_dataset/【出原理图】N2604HBJ20732J合同/28000 电能质量在线监测柜,右侧,1-21QD,0.0
20,第三组_合同子项目,/mnt/data/xj_dataset/【出原理图】N2604HBJ20732J合同/28000 电能质量在线监测柜,右侧,1-21UD,0.0
20,第三组_合同子项目,/mnt/data/xj_dataset/【出原理图】N2604HBJ20732J合同/28000 电能质量在线监测柜,右侧,1-21WD,0.0
20,第三组_合同子项目,/mnt/data/xj_dataset/【出原理图】N2604HBJ20732J合同/28000 电能质量在线监测柜,右侧,1-21YD,0.0
21,第三组_合同子项目,/mnt/data/xj_dataset/【出原理图】N2604HBJ20732J合同/29000 电度表柜,左侧,2ID,0.0
21,第三组_合同子项目,/mnt/data/xj_dataset/【出原理图】N2604HBJ20732J合同/29000 电度表柜,左侧,2UD,0.0
21,第三组_合同子项目,/mnt/data/xj_dataset/【出原理图】N2604HBJ20732J合同/29000 电度表柜,左侧,3ID,0.0
21,第三组_合同子项目,/mnt/data/xj_dataset/【出原理图】N2604HBJ20732J合同/29000 电度表柜,左侧,3UD,0.0
21,第三组_合同子项目,/mnt/data/xj_dataset/【出原理图】N2604HBJ20732J合同/29000 电度表柜,左侧,5ID,0.0
21,第三组_合同子项目,/mnt/data/xj_dataset/【出原理图】N2604HBJ20732J合同/29000 电度表柜,左侧,5UD,0.0
21,第三组_合同子项目,/mnt/data/xj_dataset/【出原理图】N2604HBJ20732J合同/29000 电度表柜,左侧,6ID,0.0
21,第三组_合同子项目,/mnt/data/xj_dataset/【出原理图】N2604HBJ20732J合同/29000 电度表柜,左侧,6UD,0.0
21,第三组_合同子项目,/mnt/data/xj_dataset/【出原理图】N2604HBJ20732J合同/29000 电度表柜,左侧,TXD,0.0
21,第三组_合同子项目,/mnt/data/xj_dataset/【出原理图】N2604HBJ20732J合同/29000 电度表柜,左侧,ZD,0.0
21,第三组_合同子项目,/mnt/data/xj_dataset/【出原理图】N2604HBJ20732J合同/29000 电度表柜,右侧,1ID,0.0
21,第三组_合同子项目,/mnt/data/xj_dataset/【出原理图】N2604HBJ20732J合同/29000 电度表柜,右侧,1UD,0.0
21,第三组_合同子项目,/mnt/data/xj_dataset/【出原理图】N2604HBJ20732J合同/29000 电度表柜,右侧,1YD,0.0
21,第三组_合同子项目,/mnt/data/xj_dataset/【出原理图】N2604HBJ20732J合同/29000 电度表柜,右侧,4ID,0.0
21,第三组_合同子项目,/mnt/data/xj_dataset/【出原理图】N2604HBJ20732J合同/29000 电度表柜,右侧,4UD,0.0
21,第三组_合同子项目,/mnt/data/xj_dataset/【出原理图】N2604HBJ20732J合同/29000 电度表柜,右侧,BD,0.0
21,第三组_合同子项目,/mnt/data/xj_dataset/【出原理图】N2604HBJ20732J合同/29000 电度表柜,右侧,JD,0.0
21,第三组_合同子项目,/mnt/data/xj_dataset/【出原理图】N2604HBJ20732J合同/29000 电度表柜,右侧,TD,0.0
21,第三组_合同子项目,/mnt/data/xj_dataset/【出原理图】N2604HBJ20732J合同/29000 电度表柜,右侧,YD,0.0
22,第三组_合同子项目,/mnt/data/xj_dataset/【出原理图】N2604HBJ20732J合同/30000 保护信息子站柜,左侧,1-JD,0.0
22,第三组_合同子项目,/mnt/data/xj_dataset/【出原理图】N2604HBJ20732J合同/30000 保护信息子站柜,左侧,2-JD,0.0
22,第三组_合同子项目,/mnt/data/xj_dataset/【出原理图】N2604HBJ20732J合同/30000 保护信息子站柜,左侧,TD,0.0
22,第三组_合同子项目,/mnt/data/xj_dataset/【出原理图】N2604HBJ20732J合同/30000 保护信息子站柜,左侧,YD,0.0
22,第三组_合同子项目,/mnt/data/xj_dataset/【出原理图】N2604HBJ20732J合同/30000 保护信息子站柜,左侧,ZD,0.0
22,第三组_合同子项目,/mnt/data/xj_dataset/【出原理图】N2604HBJ20732J合同/30000 保护信息子站柜,左侧,BD,0.0
22,第三组_合同子项目,/mnt/data/xj_dataset/【出原理图】N2604HBJ20732J合同/30000 保护信息子站柜,左侧,JD,0.0
23,第三组_合同子项目,/mnt/data/xj_dataset/【出原理图】N2604HBJ20732J合同/31000~32000 1~2#220kV线路保护A柜,左侧,1CD,0.0
23,第三组_合同子项目,/mnt/data/xj_dataset/【出原理图】N2604HBJ20732J合同/31000~32000 1~2#220kV线路保护A柜,左侧,1ID,0.0
23,第三组_合同子项目,/mnt/data/xj_dataset/【出原理图】N2604HBJ20732J合同/31000~32000 1~2#220kV线路保护A柜,左侧,1KD,0.0
23,第三组_合同子项目,/mnt/data/xj_dataset/【出原理图】N2604HBJ20732J合同/31000~32000 1~2#220kV线路保护A柜,左侧,1LD,0.0
23,第三组_合同子项目,/mnt/data/xj_dataset/【出原理图】N2604HBJ20732J合同/31000~32000 1~2#220kV线路保护A柜,左侧,1QD,0.0
23,第三组_合同子项目,/mnt/data/xj_dataset/【出原理图】N2604HBJ20732J合同/31000~32000 1~2#220kV线路保护A柜,左侧,1UD,0.0
23,第三组_合同子项目,/mnt/data/xj_dataset/【出原理图】N2604HBJ20732J合同/31000~32000 1~2#220kV线路保护A柜,左侧,1XD,0.0
23,第三组_合同子项目,/mnt/data/xj_dataset/【出原理图】N2604HBJ20732J合同/31000~32000 1~2#220kV线路保护A柜,左侧,1YD,0.0
23,第三组_合同子项目,/mnt/data/xj_dataset/【出原理图】N2604HBJ20732J合同/31000~32000 1~2#220kV线路保护A柜,左侧,BD,0.0
23,第三组_合同子项目,/mnt/data/xj_dataset/【出原理图】N2604HBJ20732J合同/31000~32000 1~2#220kV线路保护A柜,左侧,JD,0.0
23,第三组_合同子项目,/mnt/data/xj_dataset/【出原理图】N2604HBJ20732J合同/31000~32000 1~2#220kV线路保护A柜,左侧,TD,0.0
23,第三组_合同子项目,/mnt/data/xj_dataset/【出原理图】N2604HBJ20732J合同/31000~32000 1~2#220kV线路保护A柜,左侧,UD,0.0
23,第三组_合同子项目,/mnt/data/xj_dataset/【出原理图】N2604HBJ20732J合同/31000~32000 1~2#220kV线路保护A柜,左侧,ZD,0.0
23,第三组_合同子项目,/mnt/data/xj_dataset/【出原理图】N2604HBJ20732J合同/31000~32000 1~2#220kV线路保护A柜,右侧,4C1D,0.0
23,第三组_合同子项目,/mnt/data/xj_dataset/【出原理图】N2604HBJ20732J合同/31000~32000 1~2#220kV线路保护A柜,右侧,4C2D,0.0
23,第三组_合同子项目,/mnt/data/xj_dataset/【出原理图】N2604HBJ20732J合同/31000~32000 1~2#220kV线路保护A柜,右侧,4LD,0.0
23,第三组_合同子项目,/mnt/data/xj_dataset/【出原理图】N2604HBJ20732J合同/31000~32000 1~2#220kV线路保护A柜,右侧,4P1D,0.0
23,第三组_合同子项目,/mnt/data/xj_dataset/【出原理图】N2604HBJ20732J合同/31000~32000 1~2#220kV线路保护A柜,右侧,4P2D,0.0
23,第三组_合同子项目,/mnt/data/xj_dataset/【出原理图】N2604HBJ20732J合同/31000~32000 1~2#220kV线路保护A柜,右侧,4P3D,0.0
23,第三组_合同子项目,/mnt/data/xj_dataset/【出原理图】N2604HBJ20732J合同/31000~32000 1~2#220kV线路保护A柜,右侧,4Q1D,0.0
23,第三组_合同子项目,/mnt/data/xj_dataset/【出原理图】N2604HBJ20732J合同/31000~32000 1~2#220kV线路保护A柜,右侧,4Q2D,0.0
23,第三组_合同子项目,/mnt/data/xj_dataset/【出原理图】N2604HBJ20732J合同/31000~32000 1~2#220kV线路保护A柜,右侧,4XD,0.0
24,第三组_合同子项目,/mnt/data/xj_dataset/【出原理图】N2604HBJ20732J合同/33000~34000 1~2#220kV线路保护B柜,左侧,1CD,0.0
24,第三组_合同子项目,/mnt/data/xj_dataset/【出原理图】N2604HBJ20732J合同/33000~34000 1~2#220kV线路保护B柜,左侧,1ID,0.0
24,第三组_合同子项目,/mnt/data/xj_dataset/【出原理图】N2604HBJ20732J合同/33000~34000 1~2#220kV线路保护B柜,左侧,1KD,0.0
24,第三组_合同子项目,/mnt/data/xj_dataset/【出原理图】N2604HBJ20732J合同/33000~34000 1~2#220kV线路保护B柜,左侧,1LD,0.0
24,第三组_合同子项目,/mnt/data/xj_dataset/【出原理图】N2604HBJ20732J合同/33000~34000 1~2#220kV线路保护B柜,左侧,1QD,0.0
24,第三组_合同子项目,/mnt/data/xj_dataset/【出原理图】N2604HBJ20732J合同/33000~34000 1~2#220kV线路保护B柜,左侧,1UD,0.0
24,第三组_合同子项目,/mnt/data/xj_dataset/【出原理图】N2604HBJ20732J合同/33000~34000 1~2#220kV线路保护B柜,左侧,1XD,0.0
24,第三组_合同子项目,/mnt/data/xj_dataset/【出原理图】N2604HBJ20732J合同/33000~34000 1~2#220kV线路保护B柜,左侧,1YD,0.0
24,第三组_合同子项目,/mnt/data/xj_dataset/【出原理图】N2604HBJ20732J合同/33000~34000 1~2#220kV线路保护B柜,左侧,BD,0.0
24,第三组_合同子项目,/mnt/data/xj_dataset/【出原理图】N2604HBJ20732J合同/33000~34000 1~2#220kV线路保护B柜,左侧,JD,0.0
24,第三组_合同子项目,/mnt/data/xj_dataset/【出原理图】N2604HBJ20732J合同/33000~34000 1~2#220kV线路保护B柜,左侧,TD,0.0
24,第三组_合同子项目,/mnt/data/xj_dataset/【出原理图】N2604HBJ20732J合同/33000~34000 1~2#220kV线路保护B柜,左侧,UD,0.0
24,第三组_合同子项目,/mnt/data/xj_dataset/【出原理图】N2604HBJ20732J合同/33000~34000 1~2#220kV线路保护B柜,左侧,ZD,0.0
25,第三组_合同子项目,/mnt/data/xj_dataset/【出原理图】N2604HBJ20732J合同/35000 2#同步相量测量柜,左侧,1-25GD,0.0
25,第三组_合同子项目,/mnt/data/xj_dataset/【出原理图】N2604HBJ20732J合同/35000 2#同步相量测量柜,左侧,1-25I1D,0.0
25,第三组_合同子项目,/mnt/data/xj_dataset/【出原理图】N2604HBJ20732J合同/35000 2#同步相量测量柜,左侧,1-25I2D,0.0
25,第三组_合同子项目,/mnt/data/xj_dataset/【出原理图】N2604HBJ20732J合同/35000 2#同步相量测量柜,左侧,1-25I3D,0.0
25,第三组_合同子项目,/mnt/data/xj_dataset/【出原理图】N2604HBJ20732J合同/35000 2#同步相量测量柜,左侧,1-25I4D,0.0
25,第三组_合同子项目,/mnt/data/xj_dataset/【出原理图】N2604HBJ20732J合同/35000 2#同步相量测量柜,左侧,1-25I5D,0.0
25,第三组_合同子项目,/mnt/data/xj_dataset/【出原理图】N2604HBJ20732J合同/35000 2#同步相量测量柜,左侧,1-25I6D,0.0
25,第三组_合同子项目,/mnt/data/xj_dataset/【出原理图】N2604HBJ20732J合同/35000 2#同步相量测量柜,左侧,1-25I7D,0.0
25,第三组_合同子项目,/mnt/data/xj_dataset/【出原理图】N2604HBJ20732J合同/35000 2#同步相量测量柜,左侧,1-25I8D,0.0
25,第三组_合同子项目,/mnt/data/xj_dataset/【出原理图】N2604HBJ20732J合同/35000 2#同步相量测量柜,左侧,1-25QD,0.0
25,第三组_合同子项目,/mnt/data/xj_dataset/【出原理图】N2604HBJ20732J合同/35000 2#同步相量测量柜,左侧,1-25U1D,0.0
25,第三组_合同子项目,/mnt/data/xj_dataset/【出原理图】N2604HBJ20732J合同/35000 2#同步相量测量柜,左侧,1-25U2D,0.0
25,第三组_合同子项目,/mnt/data/xj_dataset/【出原理图】N2604HBJ20732J合同/35000 2#同步相量测量柜,左侧,1-25U3D,0.0
25,第三组_合同子项目,/mnt/data/xj_dataset/【出原理图】N2604HBJ20732J合同/35000 2#同步相量测量柜,左侧,1-25U4D,0.0
25,第三组_合同子项目,/mnt/data/xj_dataset/【出原理图】N2604HBJ20732J合同/35000 2#同步相量测量柜,左侧,1-25U5D,0.0
25,第三组_合同子项目,/mnt/data/xj_dataset/【出原理图】N2604HBJ20732J合同/35000 2#同步相量测量柜,左侧,1-25U6D,0.0
25,第三组_合同子项目,/mnt/data/xj_dataset/【出原理图】N2604HBJ20732J合同/35000 2#同步相量测量柜,左侧,1-25U7D,0.0
25,第三组_合同子项目,/mnt/data/xj_dataset/【出原理图】N2604HBJ20732J合同/35000 2#同步相量测量柜,左侧,1-25U8D,0.0
25,第三组_合同子项目,/mnt/data/xj_dataset/【出原理图】N2604HBJ20732J合同/35000 2#同步相量测量柜,左侧,1-25YD,0.0
25,第三组_合同子项目,/mnt/data/xj_dataset/【出原理图】N2604HBJ20732J合同/35000 2#同步相量测量柜,左侧,1-25ZLD,0.0
25,第三组_合同子项目,/mnt/data/xj_dataset/【出原理图】N2604HBJ20732J合同/35000 2#同步相量测量柜,左侧,ZD,0.0
25,第三组_合同子项目,/mnt/data/xj_dataset/【出原理图】N2604HBJ20732J合同/35000 2#同步相量测量柜,右侧,2-25GD,0.0
25,第三组_合同子项目,/mnt/data/xj_dataset/【出原理图】N2604HBJ20732J合同/35000 2#同步相量测量柜,右侧,2-25I1D,0.0
25,第三组_合同子项目,/mnt/data/xj_dataset/【出原理图】N2604HBJ20732J合同/35000 2#同步相量测量柜,右侧,2-25I2D,0.0
25,第三组_合同子项目,/mnt/data/xj_dataset/【出原理图】N2604HBJ20732J合同/35000 2#同步相量测量柜,右侧,2-25I3D,0.0
25,第三组_合同子项目,/mnt/data/xj_dataset/【出原理图】N2604HBJ20732J合同/35000 2#同步相量测量柜,右侧,2-25I4D,0.0
25,第三组_合同子项目,/mnt/data/xj_dataset/【出原理图】N2604HBJ20732J合同/35000 2#同步相量测量柜,右侧,2-25I5D,0.0
25,第三组_合同子项目,/mnt/data/xj_dataset/【出原理图】N2604HBJ20732J合同/35000 2#同步相量测量柜,右侧,2-25I6D,0.0
25,第三组_合同子项目,/mnt/data/xj_dataset/【出原理图】N2604HBJ20732J合同/35000 2#同步相量测量柜,右侧,2-25I7D,0.0
25,第三组_合同子项目,/mnt/data/xj_dataset/【出原理图】N2604HBJ20732J合同/35000 2#同步相量测量柜,右侧,2-25I8D,0.0
25,第三组_合同子项目,/mnt/data/xj_dataset/【出原理图】N2604HBJ20732J合同/35000 2#同步相量测量柜,右侧,2-25QD,0.0
25,第三组_合同子项目,/mnt/data/xj_dataset/【出原理图】N2604HBJ20732J合同/35000 2#同步相量测量柜,右侧,2-25U1D,0.0
25,第三组_合同子项目,/mnt/data/xj_dataset/【出原理图】N2604HBJ20732J合同/35000 2#同步相量测量柜,右侧,2-25U2D,0.0
25,第三组_合同子项目,/mnt/data/xj_dataset/【出原理图】N2604HBJ20732J合同/35000 2#同步相量测量柜,右侧,2-25U3D,0.0
25,第三组_合同子项目,/mnt/data/xj_dataset/【出原理图】N2604HBJ20732J合同/35000 2#同步相量测量柜,右侧,2-25U4D,0.0
25,第三组_合同子项目,/mnt/data/xj_dataset/【出原理图】N2604HBJ20732J合同/35000 2#同步相量测量柜,右侧,2-25U5D,0.0
25,第三组_合同子项目,/mnt/data/xj_dataset/【出原理图】N2604HBJ20732J合同/35000 2#同步相量测量柜,右侧,2-25U6D,0.0
25,第三组_合同子项目,/mnt/data/xj_dataset/【出原理图】N2604HBJ20732J合同/35000 2#同步相量测量柜,右侧,2-25U7D,0.0
25,第三组_合同子项目,/mnt/data/xj_dataset/【出原理图】N2604HBJ20732J合同/35000 2#同步相量测量柜,右侧,2-25U8D,0.0
25,第三组_合同子项目,/mnt/data/xj_dataset/【出原理图】N2604HBJ20732J合同/35000 2#同步相量测量柜,右侧,2-25YD,0.0
25,第三组_合同子项目,/mnt/data/xj_dataset/【出原理图】N2604HBJ20732J合同/35000 2#同步相量测量柜,右侧,2-25ZLD,0.0
25,第三组_合同子项目,/mnt/data/xj_dataset/【出原理图】N2604HBJ20732J合同/35000 2#同步相量测量柜,右侧,JD,0.0
25,第三组_合同子项目,/mnt/data/xj_dataset/【出原理图】N2604HBJ20732J合同/35000 2#同步相量测量柜,右侧,TD,0.0
26,第三组_合同子项目,/mnt/data/xj_dataset/【出原理图】N2604HBJ20732J合同/8000~9000 主-扩展时钟同步柜,左侧,1-26TD,0.0
26,第三组_合同子项目,/mnt/data/xj_dataset/【出原理图】N2604HBJ20732J合同/8000~9000 主-扩展时钟同步柜,左侧,YD,0.0
26,第三组_合同子项目,/mnt/data/xj_dataset/【出原理图】N2604HBJ20732J合同/8000~9000 主-扩展时钟同步柜,左侧,ZD,0.0
26,第三组_合同子项目,/mnt/data/xj_dataset/【出原理图】N2604HBJ20732J合同/8000~9000 主-扩展时钟同步柜,右侧,2-26TD,0.0
26,第三组_合同子项目,/mnt/data/xj_dataset/【出原理图】N2604HBJ20732J合同/8000~9000 主-扩展时钟同步柜,右侧,BD,0.0
26,第三组_合同子项目,/mnt/data/xj_dataset/【出原理图】N2604HBJ20732J合同/8000~9000 主-扩展时钟同步柜,右侧,JD,0.0
27,第二组_测控柜,/mnt/data/xj_dataset/变压器测控柜(2圈变，2台测控),左侧,ZD,68.2
27,第二组_测控柜,/mnt/data/xj_dataset/变压器测控柜(2圈变，2台测控),左侧,3-21UD,55.4
27,第二组_测控柜,/mnt/data/xj_dataset/变压器测控柜(2圈变，2台测控),左侧,3-21ID,96.4
27,第二组_测控柜,/mnt/data/xj_dataset/变压器测控柜(2圈变，2台测控),左侧,3-21GD,136.4
27,第二组_测控柜,/mnt/data/xj_dataset/变压器测控柜(2圈变，2台测控),左侧,3-21QD,508.4
27,第二组_测控柜,/mnt/data/xj_dataset/变压器测控柜(2圈变，2台测控),左侧,3-21CD,372.0
27,第二组_测控柜,/mnt/data/xj_dataset/变压器测控柜(2圈变，2台测控),左侧,3-21WD,43.4
27,第二组_测控柜,/mnt/data/xj_dataset/变压器测控柜(2圈变，2台测控),左侧,HD,105.4
27,第二组_测控柜,/mnt/data/xj_dataset/变压器测控柜(2圈变，2台测控),右侧,1-21UD,71.8
27,第二组_测控柜,/mnt/data/xj_dataset/变压器测控柜(2圈变，2台测控),右侧,1-21ID,96.4
27,第二组_测控柜,/mnt/data/xj_dataset/变压器测控柜(2圈变，2台测控),右侧,1-21GD,136.4
27,第二组_测控柜,/mnt/data/xj_dataset/变压器测控柜(2圈变，2台测控),右侧,1-21QD,545.6
27,第二组_测控柜,/mnt/data/xj_dataset/变压器测控柜(2圈变，2台测控),右侧,1-21CD,372.0
27,第二组_测控柜,/mnt/data/xj_dataset/变压器测控柜(2圈变，2台测控),右侧,TD,43.4
27,第二组_测控柜,/mnt/data/xj_dataset/变压器测控柜(2圈变，2台测控),右侧,JD,74.4
27,第二组_测控柜,/mnt/data/xj_dataset/变压器测控柜(2圈变，2台测控),右侧,BD,68.2
